YEAR,QUARTER,R,T,H,CLIMATE_RISK,DENGUE,MALARIA,Q_NUM,TIME,APOLLOHOSP_PRICE,AUROPHARMA_PRICE,CIPLA_PRICE,DRREDDY_PRICE,LUPIN_PRICE,SUNPHARMA_PRICE,APOLLOHOSP_VOL,AUROPHARMA_VOL,CIPLA_VOL,DRREDDY_VOL,LUPIN_VOL,SUNPHARMA_VOL
1901.0,Q1,73.30000000000001,20.11,3.472288015158693,0.1865375733993614,186.53757339936143,298.4601174389783,1,,0.0,0.0,0.0,0.0,0.0,0.0,0.0,0.0,0.0,0.0,0.0,0.0
1901.0,Q2,107.3,27.64,3.746508379888268,0.1865375733993614,373.07514679872287,373.0751467987228,2,,0.0,0.0,0.0,0.0,0.0,0.0,0.0,0.0,0.0,0.0,0.0,0.0
1901.0,Q3,750.9000000000001,28.16,25.751028806584365,0.1865375733993614,932.6878669968072,522.3052055182119,3,,0.0,0.0,0.0,0.0,0.0,0.0,0.0,0.0,0.0,0.0,0.0,0.0
1901.0,Q4,99.3,23.1,4.1203319502074685,0.1865375733993614,373.07514679872287,298.4601174389783,4,,0.0,0.0,0.0,0.0,0.0,0.0,0.0,0.0,0.0,0.0,0.0,0.0
1902.0,Q1,11.6,20.88,0.530164533820841,0.3008654774015352,300.86547740153526,481.3847638424565,1,,0.0,0.0,0.0,0.0,0.0,0.0,0.0,0.0,0.0,0.0,0.0,0.0
1902.0,Q2,111.9,27.96,3.863950276243094,0.3008654774015352,601.7309548030705,601.7309548030705,2,,0.0,0.0,0.0,0.0,0.0,0.0,0.0,0.0,0.0,0.0,0.0,0.0
1902.0,Q3,797.8,27.98,27.52933057280883,0.3008654774015352,1504.3273870076762,842.4233367242987,3,,0.0,0.0,0.0,0.0,0.0,0.0,0.0,0.0,0.0,0.0,0.0,0.0
1902.0,Q4,117.1,22.51,4.980859208847299,0.3008654774015352,601.7309548030705,481.3847638424565,4,,0.0,0.0,0.0,0.0,0.0,0.0,0.0,0.0,0.0,0.0,0.0,0.0
1903.0,Q1,24.7,19.99,1.1767508337303478,0.5147312453520214,514.7312453520215,823.5699925632343,1,,0.0,0.0,0.0,0.0,0.0,0.0,0.0,0.0,0.0,0.0,0.0,0.0
1903.0,Q2,107.7,27.02,3.8436830835117775,0.5147312453520214,1029.462490704043,1029.462490704043,2,,0.0,0.0,0.0,0.0,0.0,0.0,0.0,0.0,0.0,0.0,0.0,0.0
1903.0,Q3,885.6,28.0,30.53793103448276,0.5147312453520214,2573.656226760107,1441.24748698566,3,,0.0,0.0,0.0,0.0,0.0,0.0,0.0,0.0,0.0,0.0,0.0,0.0
1903.0,Q4,177.8,22.33,7.621088726960996,0.5147312453520214,1029.462490704043,823.5699925632343,4,,0.0,0.0,0.0,0.0,0.0,0.0,0.0,0.0,0.0,0.0,0.0,0.0
1904.0,Q1,24.6,19.76,1.184971098265896,0.2194784112503683,219.4784112503684,351.1654580005894,1,,0.0,0.0,0.0,0.0,0.0,0.0,0.0,0.0,0.0,0.0,0.0,0.0
1904.0,Q2,138.89999999999998,27.23,4.92029755579171,0.2194784112503683,438.9568225007368,438.95682250073673,2,,0.0,0.0,0.0,0.0,0.0,0.0,0.0,0.0,0.0,0.0,0.0,0.0
1904.0,Q3,764.3,27.57,26.751837591879596,0.2194784112503683,1097.392056251842,614.5395515010314,3,,0.0,0.0,0.0,0.0,0.0,0.0,0.0,0.0,0.0,0.0,0.0,0.0
1904.0,Q4,97.4,22.56,4.134125636672327,0.2194784112503683,438.9568225007368,351.1654580005894,4,,0.0,0.0,0.0,0.0,0.0,0.0,0.0,0.0,0.0,0.0,0.0,0.0
1905.0,Q1,45.0,18.36,2.324380165289256,0.12710142513701,127.10142513701004,203.36228021921605,1,,0.0,0.0,0.0,0.0,0.0,0.0,0.0,0.0,0.0,0.0,0.0,0.0
1905.0,Q2,131.39999999999998,26.38,4.799123447772096,0.12710142513701,254.20285027402008,254.20285027402005,2,,0.0,0.0,0.0,0.0,0.0,0.0,0.0,0.0,0.0,0.0,0.0,0.0
1905.0,Q3,726.5,28.2,24.88013698630137,0.12710142513701,635.5071256850501,355.88399038362803,3,,0.0,0.0,0.0,0.0,0.0,0.0,0.0,0.0,0.0,0.0,0.0,0.0
1905.0,Q4,74.6,23.13,3.0915872358060503,0.12710142513701,254.20285027402008,203.36228021921605,4,,0.0,0.0,0.0,0.0,0.0,0.0,0.0,0.0,0.0,0.0,0.0,0.0
1906.0,Q1,71.3,19.75,3.436144578313253,0.5471093634621246,547.1093634621246,875.3749815393993,1,,0.0,0.0,0.0,0.0,0.0,0.0,0.0,0.0,0.0,0.0,0.0,0.0
1906.0,Q2,84.4,27.39,2.972877773864037,0.5471093634621246,1094.2187269242493,1094.218726924249,2,,0.0,0.0,0.0,0.0,0.0,0.0,0.0,0.0,0.0,0.0,0.0,0.0
1906.0,Q3,898.8,27.78,31.230020847810977,0.5471093634621246,2735.546817310623,1531.9062176939483,3,,0.0,0.0,0.0,0.0,0.0,0.0,0.0,0.0,0.0,0.0,0.0,0.0
1906.0,Q4,94.6,23.11,3.923683119037744,0.5471093634621246,1094.2187269242493,875.3749815393993,4,,0.0,0.0,0.0,0.0,0.0,0.0,0.0,0.0,0.0,0.0,0.0,0.0
1907.0,Q1,61.5,20.51,2.859135285913528,0.2630041560541231,263.0041560541231,420.806649686597,1,,0.0,0.0,0.0,0.0,0.0,0.0,0.0,0.0,0.0,0.0,0.0,0.0
1907.0,Q2,132.10000000000002,26.53,4.798401743552489,0.2630041560541231,526.0083121082462,526.0083121082462,2,,0.0,0.0,0.0,0.0,0.0,0.0,0.0,0.0,0.0,0.0,0.0,0.0
1907.0,Q3,782.1999999999999,27.74,27.21642310368824,0.2630041560541231,1315.0207802706154,736.4116369515446,3,,0.0,0.0,0.0,0.0,0.0,0.0,0.0,0.0,0.0,0.0,0.0,0.0
1907.0,Q4,59.0,22.88,2.4706867671691795,0.2630041560541231,526.0083121082462,420.806649686597,4,,0.0,0.0,0.0,0.0,0.0,0.0,0.0,0.0,0.0,0.0,0.0,0.0
1908.0,Q1,37.0,20.12,1.7518939393939392,0.55723947350361,557.23947350361,891.5831576057761,1,,0.0,0.0,0.0,0.0,0.0,0.0,0.0,0.0,0.0,0.0,0.0,0.0
1908.0,Q2,84.69999999999999,27.53,2.968804766912022,0.55723947350361,1114.47894700722,1114.47894700722,2,,0.0,0.0,0.0,0.0,0.0,0.0,0.0,0.0,0.0,0.0,0.0,0.0
1908.0,Q3,902.9,27.65,31.51483420593369,0.55723947350361,2786.19736751805,1560.270525810108,3,,0.0,0.0,0.0,0.0,0.0,0.0,0.0,0.0,0.0,0.0,0.0,0.0
1908.0,Q4,52.6,22.21,2.2662645411460574,0.55723947350361,1114.47894700722,891.5831576057761,4,,0.0,0.0,0.0,0.0,0.0,0.0,0.0,0.0,0.0,0.0,0.0,0.0
1909.0,Q1,37.9,20.08,1.797912713472486,0.5405414663224425,540.5414663224425,864.8663461159081,1,,0.0,0.0,0.0,0.0,0.0,0.0,0.0,0.0,0.0,0.0,0.0,0.0
1909.0,Q2,119.4,27.14,4.243070362473348,0.5405414663224425,1081.082932644885,1081.082932644885,2,,0.0,0.0,0.0,0.0,0.0,0.0,0.0,0.0,0.0,0.0,0.0,0.0
1909.0,Q3,895.9000000000001,27.32,31.63488700564972,0.5405414663224425,2702.7073316122123,1513.5161057028388,3,,0.0,0.0,0.0,0.0,0.0,0.0,0.0,0.0,0.0,0.0,0.0,0.0
1909.0,Q4,75.4,22.9,3.154811715481172,0.5405414663224425,1081.082932644885,864.8663461159081,4,,0.0,0.0,0.0,0.0,0.0,0.0,0.0,0.0,0.0,0.0,0.0,0.0
1910.0,Q1,23.8,20.24,1.120527306967985,0.6196439902819841,619.6439902819842,991.4303844511746,1,,0.0,0.0,0.0,0.0,0.0,0.0,0.0,0.0,0.0,0.0,0.0,0.0
1910.0,Q2,83.5,27.29,2.9515729939908097,0.6196439902819841,1239.2879805639684,1239.2879805639682,2,,0.0,0.0,0.0,0.0,0.0,0.0,0.0,0.0,0.0,0.0,0.0,0.0
1910.0,Q3,928.4,27.44,32.64416315049226,0.6196439902819841,3098.2199514099207,1735.0031727895553,3,,0.0,0.0,0.0,0.0,0.0,0.0,0.0,0.0,0.0,0.0,0.0,0.0
1910.0,Q4,148.20000000000002,22.01,6.440677966101696,0.6196439902819841,1239.2879805639684,991.4303844511746,4,,0.0,0.0,0.0,0.0,0.0,0.0,0.0,0.0,0.0,0.0,0.0,0.0
1911.0,Q1,45.9,20.34,2.150890346766636,0.1669478457135308,166.9478457135308,267.11655314164926,1,,0.0,0.0,0.0,0.0,0.0,0.0,0.0,0.0,0.0,0.0,0.0,0.0
1911.0,Q2,114.3,26.95,4.089445438282648,0.1669478457135308,333.8956914270616,333.8956914270616,2,,0.0,0.0,0.0,0.0,0.0,0.0,0.0,0.0,0.0,0.0,0.0,0.0
1911.0,Q3,742.8,27.83,25.764828303850155,0.1669478457135308,834.739228567654,467.4539679978862,3,,0.0,0.0,0.0,0.0,0.0,0.0,0.0,0.0,0.0,0.0,0.0,0.0
1911.0,Q4,126.0,22.72,5.311973018549748,0.1669478457135308,333.8956914270616,267.11655314164926,4,,0.0,0.0,0.0,0.0,0.0,0.0,0.0,0.0,0.0,0.0,0.0,0.0
1912.0,Q1,41.900000000000006,20.89,1.91411603471905,0.3350383900796757,335.0383900796757,536.061424127481,1,,0.0,0.0,0.0,0.0,0.0,0.0,0.0,0.0,0.0,0.0,0.0,0.0
1912.0,Q2,101.6,27.31,3.588837866478276,0.3350383900796757,670.0767801593514,670.0767801593513,2,,0.0,0.0,0.0,0.0,0.0,0.0,0.0,0.0,0.0,0.0,0.0,0.0
1912.0,Q3,811.8,27.88,28.109418282548475,0.3350383900796757,1675.1919503983784,938.1074922230918,3,,0.0,0.0,0.0,0.0,0.0,0.0,0.0,0.0,0.0,0.0,0.0,0.0
1912.0,Q4,115.2,22.39,4.925181701581873,0.3350383900796757,670.0767801593514,536.061424127481,4,,0.0,0.0,0.0,0.0,0.0,0.0,0.0,0.0,0.0,0.0,0.0,0.0
1913.0,Q1,44.4,20.28,2.0864661654135337,0.2743239910151896,274.3239910151897,438.9183856243035,1,,0.0,0.0,0.0,0.0,0.0,0.0,0.0,0.0,0.0,0.0,0.0,0.0
1913.0,Q2,122.3,27.01,4.366297750803285,0.2743239910151896,548.6479820303794,548.6479820303794,2,,0.0,0.0,0.0,0.0,0.0,0.0,0.0,0.0,0.0,0.0,0.0,0.0
1913.0,Q3,786.8000000000001,27.57,27.539376968848444,0.2743239910151896,1371.6199550759484,768.1071748425311,3,,0.0,0.0,0.0,0.0,0.0,0.0,0.0,0.0,0.0,0.0,0.0,0.0
1913.0,Q4,108.6,22.5,4.62127659574468,0.2743239910151896,548.6479820303794,438.9183856243035,4,,0.0,0.0,0.0,0.0,0.0,0.0,0.0,0.0,0.0,0.0,0.0,0.0
1914.0,Q1,31.9,20.51,1.4830311483031149,0.6232187847873376,623.2187847873377,997.1500556597402,1,,0.0,0.0,0.0,0.0,0.0,0.0,0.0,0.0,0.0,0.0,0.0,0.0
1914.0,Q2,136.1,26.92,4.874641833810888,0.6232187847873376,1246.4375695746753,1246.4375695746753,2,,0.0,0.0,0.0,0.0,0.0,0.0,0.0,0.0,0.0,0.0,0.0,0.0
1914.0,Q3,930.0,27.71,32.39289446185998,0.6232187847873376,3116.093923936688,1745.0125974045454,3,,0.0,0.0,0.0,0.0,0.0,0.0,0.0,0.0,0.0,0.0,0.0,0.0
1914.0,Q4,87.80000000000001,22.75,3.6968421052631584,0.6232187847873376,1246.4375695746753,997.1500556597402,4,,0.0,0.0,0.0,0.0,0.0,0.0,0.0,0.0,0.0,0.0,0.0,0.0
1915.0,Q1,57.3,20.09,2.716927453769559,0.2612173032476216,261.2173032476216,417.9476851961946,1,,0.0,0.0,0.0,0.0,0.0,0.0,0.0,0.0,0.0,0.0,0.0,0.0
1915.0,Q2,141.6,27.45,4.977152899824253,0.2612173032476216,522.4346064952432,522.4346064952432,2,,0.0,0.0,0.0,0.0,0.0,0.0,0.0,0.0,0.0,0.0,0.0,0.0
1915.0,Q3,781.5999999999999,28.33,26.64848278213433,0.2612173032476216,1306.086516238108,731.4084490933404,3,,0.0,0.0,0.0,0.0,0.0,0.0,0.0,0.0,0.0,0.0,0.0,0.0
1915.0,Q4,143.89999999999998,23.14,5.961060480530239,0.2612173032476216,522.4346064952432,417.9476851961946,4,,0.0,0.0,0.0,0.0,0.0,0.0,0.0,0.0,0.0,0.0,0.0,0.0
1916.0,Q1,24.700000000000003,20.2,1.1650943396226416,0.8094787015109997,809.4787015109997,1295.1659224175994,1,,0.0,0.0,0.0,0.0,0.0,0.0,0.0,0.0,0.0,0.0,0.0,0.0
1916.0,Q2,105.6,27.86,3.659043659043659,0.8094787015109997,1618.9574030219994,1618.9574030219992,2,,0.0,0.0,0.0,0.0,0.0,0.0,0.0,0.0,0.0,0.0,0.0,0.0
1916.0,Q3,1006.3,27.5,35.308771929824566,0.8094787015109997,4047.3935075549994,2266.540364230799,3,,0.0,0.0,0.0,0.0,0.0,0.0,0.0,0.0,0.0,0.0,0.0,0.0
1916.0,Q4,188.4,22.34,8.071979434447302,0.8094787015109997,1618.9574030219994,1295.1659224175994,4,,0.0,0.0,0.0,0.0,0.0,0.0,0.0,0.0,0.0,0.0,0.0,0.0
1917.0,Q1,45.5,20.16,2.1502835538752363,0.9999999922370196,999.9999922370196,1599.9999875792314,1,,0.0,0.0,0.0,0.0,0.0,0.0,0.0,0.0,0.0,0.0,0.0,0.0
1917.0,Q2,134.6,26.16,4.955817378497791,0.9999999922370196,1999.999984474039,1999.9999844740391,2,,0.0,0.0,0.0,0.0,0.0,0.0,0.0,0.0,0.0,0.0,0.0,0.0
1917.0,Q3,1084.3000000000002,27.3,38.31448763250884,0.9999999922370196,4999.999961185097,2799.9999782636546,3,,0.0,0.0,0.0,0.0,0.0,0.0,0.0,0.0,0.0,0.0,0.0,0.0
1917.0,Q4,199.7,22.14,8.63007778738116,0.9999999922370196,1999.999984474039,1599.9999875792314,4,,0.0,0.0,0.0,0.0,0.0,0.0,0.0,0.0,0.0,0.0,0.0,0.0
1918.0,Q1,15.8,19.75,0.7614457831325302,0.1815911242238336,181.5911242238336,290.5457987581338,1,,0.0,0.0,0.0,0.0,0.0,0.0,0.0,0.0,0.0,0.0,0.0,0.0
1918.0,Q2,176.0,26.82,6.326383896477354,0.1815911242238336,363.1822484476672,363.1822484476672,2,,0.0,0.0,0.0,0.0,0.0,0.0,0.0,0.0,0.0,0.0,0.0,0.0
1918.0,Q3,748.8,27.78,26.0180681028492,0.1815911242238336,907.955621119168,508.4551478267341,3,,0.0,0.0,0.0,0.0,0.0,0.0,0.0,0.0,0.0,0.0,0.0,0.0
1918.0,Q4,79.7,22.81,3.3473330533389336,0.1815911242238336,363.1822484476672,290.5457987581338,4,,0.0,0.0,0.0,0.0,0.0,0.0,0.0,0.0,0.0,0.0,0.0,0.0
1919.0,Q1,69.0,20.48,3.212290502793296,0.6663670187965206,666.3670187965207,1066.187230074433,1,,0.0,0.0,0.0,0.0,0.0,0.0,0.0,0.0,0.0,0.0,0.0,0.0
1919.0,Q2,111.3,27.33,3.928697493822803,0.6663670187965206,1332.7340375930414,1332.7340375930412,2,,0.0,0.0,0.0,0.0,0.0,0.0,0.0,0.0,0.0,0.0,0.0,0.0
1919.0,Q3,947.7,27.7,33.02090592334495,0.6663670187965206,3331.835093982603,1865.8276526302573,3,,0.0,0.0,0.0,0.0,0.0,0.0,0.0,0.0,0.0,0.0,0.0,0.0
1919.0,Q4,159.79999999999998,22.71,6.739772247996625,0.6663670187965206,1332.7340375930414,1066.187230074433,4,,0.0,0.0,0.0,0.0,0.0,0.0,0.0,0.0,0.0,0.0,0.0,0.0
1920.0,Q1,45.2,20.24,2.1280602636534844,0.2429867732200252,242.98677322002524,388.7788371520404,1,,0.0,0.0,0.0,0.0,0.0,0.0,0.0,0.0,0.0,0.0,0.0,0.0
1920.0,Q2,145.8,26.91,5.223934073808671,0.2429867732200252,485.9735464400505,485.9735464400505,2,,0.0,0.0,0.0,0.0,0.0,0.0,0.0,0.0,0.0,0.0,0.0,0.0
1920.0,Q3,774.0,27.8,26.875,0.2429867732200252,1214.933866100126,680.3629650160707,3,,0.0,0.0,0.0,0.0,0.0,0.0,0.0,0.0,0.0,0.0,0.0,0.0
1920.0,Q4,74.1,23.09,3.075965130759651,0.2429867732200252,485.9735464400505,388.7788371520404,4,,0.0,0.0,0.0,0.0,0.0,0.0,0.0,0.0,0.0,0.0,0.0,0.0
1921.0,Q1,45.0,20.87,2.05761316872428,0.7092728995591582,709.2728995591583,1134.8366392946532,1,,0.0,0.0,0.0,0.0,0.0,0.0,0.0,0.0,0.0,0.0,0.0,0.0
1921.0,Q2,112.9,28.46,3.832315003394433,0.7092728995591582,1418.5457991183166,1418.5457991183164,2,,0.0,0.0,0.0,0.0,0.0,0.0,0.0,0.0,0.0,0.0,0.0,0.0
1921.0,Q3,965.3,27.69,33.645869640989886,0.7092728995591582,3546.364497795791,1985.9641187656428,3,,0.0,0.0,0.0,0.0,0.0,0.0,0.0,0.0,0.0,0.0,0.0,0.0
1921.0,Q4,101.9,22.5,4.336170212765957,0.7092728995591582,1418.5457991183166,1134.8366392946532,4,,0.0,0.0,0.0,0.0,0.0,0.0,0.0,0.0,0.0,0.0,0.0,0.0
1922.0,Q1,38.7,20.53,1.7974918718067814,0.6440679484706199,644.06794847062,1030.5087175529918,1,,0.0,0.0,0.0,0.0,0.0,0.0,0.0,0.0,0.0,0.0,0.0,0.0
1922.0,Q2,96.1,27.88,3.327562326869806,0.6440679484706199,1288.13589694124,1288.1358969412397,2,,0.0,0.0,0.0,0.0,0.0,0.0,0.0,0.0,0.0,0.0,0.0,0.0
1922.0,Q3,938.5,27.6,32.81468531468531,0.6440679484706199,3220.3397423531,1803.3902557177355,3,,0.0,0.0,0.0,0.0,0.0,0.0,0.0,0.0,0.0,0.0,0.0,0.0
1922.0,Q4,130.9,22.33,5.610801543077583,0.6440679484706199,1288.13589694124,1030.5087175529918,4,,0.0,0.0,0.0,0.0,0.0,0.0,0.0,0.0,0.0,0.0,0.0,0.0
1923.0,Q1,60.5,20.01,2.8795811518324603,0.5167755462938566,516.7755462938566,826.8408740701706,1,,0.0,0.0,0.0,0.0,0.0,0.0,0.0,0.0,0.0,0.0,0.0,0.0
1923.0,Q2,110.3,27.44,3.878340365682138,0.5167755462938566,1033.5510925877131,1033.5510925877131,2,,0.0,0.0,0.0,0.0,0.0,0.0,0.0,0.0,0.0,0.0,0.0,0.0
1923.0,Q3,886.4000000000001,27.9,30.671280276816614,0.5167755462938566,2583.877731469283,1446.9715296227982,3,,0.0,0.0,0.0,0.0,0.0,0.0,0.0,0.0,0.0,0.0,0.0,0.0
1923.0,Q4,91.4,22.64,3.866328257191201,0.5167755462938566,1033.5510925877131,826.8408740701706,4,,0.0,0.0,0.0,0.0,0.0,0.0,0.0,0.0,0.0,0.0,0.0,0.0
1924.0,Q1,43.0,20.39,2.0102851799906496,0.6943600475200148,694.3600475200149,1110.9760760320237,1,,0.0,0.0,0.0,0.0,0.0,0.0,0.0,0.0,0.0,0.0,0.0,0.0
1924.0,Q2,106.1,27.82,3.68147120055517,0.6943600475200148,1388.7200950400295,1388.7200950400295,2,,0.0,0.0,0.0,0.0,0.0,0.0,0.0,0.0,0.0,0.0,0.0,0.0
1924.0,Q3,959.3,27.92,33.17081604426002,0.6943600475200148,3471.800237600074,1944.208133056041,3,,0.0,0.0,0.0,0.0,0.0,0.0,0.0,0.0,0.0,0.0,0.0,0.0
1924.0,Q4,137.5,22.55,5.83864118895966,0.6943600475200148,1388.7200950400295,1110.9760760320237,4,,0.0,0.0,0.0,0.0,0.0,0.0,0.0,0.0,0.0,0.0,0.0,0.0
1925.0,Q1,24.2,19.4,1.1862745098039216,0.5022378447045565,502.2378447045565,803.5805515272904,1,,0.0,0.0,0.0,0.0,0.0,0.0,0.0,0.0,0.0,0.0,0.0,0.0
1925.0,Q2,160.2,27.5,5.621052631578947,0.5022378447045565,1004.475689409113,1004.4756894091128,2,,0.0,0.0,0.0,0.0,0.0,0.0,0.0,0.0,0.0,0.0,0.0,0.0
1925.0,Q3,880.3,27.57,30.8120406020301,0.5022378447045565,2511.1892235227824,1406.265965172758,3,,0.0,0.0,0.0,0.0,0.0,0.0,0.0,0.0,0.0,0.0,0.0,0.0
1925.0,Q4,124.8,22.71,5.263601855757065,0.5022378447045565,1004.475689409113,803.5805515272904,4,,0.0,0.0,0.0,0.0,0.0,0.0,0.0,0.0,0.0,0.0,0.0,0.0
1926.0,Q1,38.6,20.9,1.762557077625571,0.6865565442388494,686.5565442388494,1098.490470782159,1,,0.0,0.0,0.0,0.0,0.0,0.0,0.0,0.0,0.0,0.0,0.0,0.0
1926.0,Q2,152.89999999999998,26.74,5.511896178803172,0.6865565442388494,1373.1130884776987,1373.1130884776987,2,,0.0,0.0,0.0,0.0,0.0,0.0,0.0,0.0,0.0,0.0,0.0,0.0
1926.0,Q3,956.2,28.13,32.825266048747,0.6865565442388494,3432.7827211942467,1922.358323868778,3,,0.0,0.0,0.0,0.0,0.0,0.0,0.0,0.0,0.0,0.0,0.0,0.0
1926.0,Q4,78.5,22.37,3.359007274283269,0.6865565442388494,1373.1130884776987,1098.490470782159,4,,0.0,0.0,0.0,0.0,0.0,0.0,0.0,0.0,0.0,0.0,0.0,0.0
1927.0,Q1,47.8,20.05,2.2707838479809976,0.674665700087035,674.665700087035,1079.465120139256,1,,0.0,0.0,0.0,0.0,0.0,0.0,0.0,0.0,0.0,0.0,0.0,0.0
1927.0,Q2,109.1,26.97,3.9006077940650696,0.674665700087035,1349.33140017407,1349.33140017407,2,,0.0,0.0,0.0,0.0,0.0,0.0,0.0,0.0,0.0,0.0,0.0,0.0
1927.0,Q3,951.1,27.69,33.15092366678285,0.674665700087035,3373.328500435174,1889.063960243698,3,,0.0,0.0,0.0,0.0,0.0,0.0,0.0,0.0,0.0,0.0,0.0,0.0
1927.0,Q4,136.6,22.77,5.746739587715608,0.674665700087035,1349.33140017407,1079.465120139256,4,,0.0,0.0,0.0,0.0,0.0,0.0,0.0,0.0,0.0,0.0,0.0,0.0
1928.0,Q1,61.2,20.58,2.83595922150139,0.4413439846734235,441.3439846734236,706.1503754774776,1,,0.0,0.0,0.0,0.0,0.0,0.0,0.0,0.0,0.0,0.0,0.0,0.0
1928.0,Q2,110.1,27.56,3.8550420168067223,0.4413439846734235,882.6879693468471,882.687969346847,2,,0.0,0.0,0.0,0.0,0.0,0.0,0.0,0.0,0.0,0.0,0.0,0.0
1928.0,Q3,855.4,27.79,29.71170545328239,0.4413439846734235,2206.7199233671176,1235.7631570855858,3,,0.0,0.0,0.0,0.0,0.0,0.0,0.0,0.0,0.0,0.0,0.0,0.0
1928.0,Q4,173.70000000000002,22.92,7.261705685618729,0.4413439846734235,882.6879693468471,706.1503754774776,4,,0.0,0.0,0.0,0.0,0.0,0.0,0.0,0.0,0.0,0.0,0.0,0.0
1929.0,Q1,48.2,19.99,2.296331586469748,0.4460451533674129,446.0451533674129,713.6722453878607,1,,0.0,0.0,0.0,0.0,0.0,0.0,0.0,0.0,0.0,0.0,0.0,0.0
1929.0,Q2,134.9,27.77,4.688912061174835,0.4460451533674129,892.0903067348258,892.0903067348258,2,,0.0,0.0,0.0,0.0,0.0,0.0,0.0,0.0,0.0,0.0,0.0,0.0
1929.0,Q3,857.3,27.71,29.860675722744684,0.4460451533674129,2230.2257668370644,1248.926429428756,3,,0.0,0.0,0.0,0.0,0.0,0.0,0.0,0.0,0.0,0.0,0.0,0.0
1929.0,Q4,152.6,22.58,6.471586089906701,0.4460451533674129,892.0903067348258,713.6722453878607,4,,0.0,0.0,0.0,0.0,0.0,0.0,0.0,0.0,0.0,0.0,0.0,0.0
1930.0,Q1,46.7,19.77,2.2484352431391432,0.4434185986827237,443.41859868272377,709.4697578923581,1,,0.0,0.0,0.0,0.0,0.0,0.0,0.0,0.0,0.0,0.0,0.0,0.0
1930.0,Q2,135.8,27.22,4.812189936215451,0.4434185986827237,886.8371973654475,886.8371973654475,2,,0.0,0.0,0.0,0.0,0.0,0.0,0.0,0.0,0.0,0.0,0.0,0.0
1930.0,Q3,856.2,27.65,29.884816753926703,0.4434185986827237,2217.092993413619,1241.5720763116265,3,,0.0,0.0,0.0,0.0,0.0,0.0,0.0,0.0,0.0,0.0,0.0,0.0
1930.0,Q4,160.0,22.76,6.7340067340067336,0.4434185986827237,886.8371973654475,709.4697578923581,4,,0.0,0.0,0.0,0.0,0.0,0.0,0.0,0.0,0.0,0.0,0.0,0.0
1931.0,Q1,45.3,20.69,2.0885200553250343,0.6693685005837259,669.3685005837259,1070.9896009339616,1,,0.0,0.0,0.0,0.0,0.0,0.0,0.0,0.0,0.0,0.0,0.0,0.0
1931.0,Q2,115.7,27.72,4.0285515320334255,0.6693685005837259,1338.7370011674518,1338.7370011674518,2,,0.0,0.0,0.0,0.0,0.0,0.0,0.0,0.0,0.0,0.0,0.0,0.0
1931.0,Q3,949.1,28.04,32.68250688705234,0.6693685005837259,3346.842502918629,1874.2318016344325,3,,0.0,0.0,0.0,0.0,0.0,0.0,0.0,0.0,0.0,0.0,0.0,0.0
1931.0,Q4,182.9,22.89,7.655922980326497,0.6693685005837259,1338.7370011674518,1070.9896009339616,4,,0.0,0.0,0.0,0.0,0.0,0.0,0.0,0.0,0.0,0.0,0.0,0.0
1932.0,Q1,32.099999999999994,20.33,1.5049226441631502,0.5250787341101617,525.0787341101617,840.1259745762587,1,,0.0,0.0,0.0,0.0,0.0,0.0,0.0,0.0,0.0,0.0,0.0,0.0
1932.0,Q2,136.8,27.32,4.830508474576272,0.5250787341101617,1050.1574682203234,1050.1574682203234,2,,0.0,0.0,0.0,0.0,0.0,0.0,0.0,0.0,0.0,0.0,0.0,0.0
1932.0,Q3,889.8,27.88,30.810249307479225,0.5250787341101617,2625.393670550809,1470.2204555084527,3,,0.0,0.0,0.0,0.0,0.0,0.0,0.0,0.0,0.0,0.0,0.0,0.0
1932.0,Q4,144.1,22.94,6.019214703425229,0.5250787341101617,1050.1574682203234,840.1259745762587,4,,0.0,0.0,0.0,0.0,0.0,0.0,0.0,0.0,0.0,0.0,0.0,0.0
1933.0,Q1,46.1,20.27,2.1673718852844384,0.8424526624503823,842.4526624503824,1347.9242599206118,1,,0.0,0.0,0.0,0.0,0.0,0.0,0.0,0.0,0.0,0.0,0.0,0.0
1933.0,Q2,175.60000000000002,26.78,6.3210943124550045,0.8424526624503823,1684.9053249007648,1684.9053249007643,2,,0.0,0.0,0.0,0.0,0.0,0.0,0.0,0.0,0.0,0.0,0.0,0.0
1933.0,Q3,1019.8,27.46,35.83274771609276,0.8424526624503823,4212.263312251912,2358.86745486107,3,,0.0,0.0,0.0,0.0,0.0,0.0,0.0,0.0,0.0,0.0,0.0,0.0
1933.0,Q4,130.6,22.75,5.498947368421052,0.8424526624503823,1684.9053249007648,1347.9242599206118,4,,0.0,0.0,0.0,0.0,0.0,0.0,0.0,0.0,0.0,0.0,0.0,0.0
1934.0,Q1,34.8,20.15,1.6453900709219855,0.7053084806184061,705.3084806184062,1128.4935689894498,1,,0.0,0.0,0.0,0.0,0.0,0.0,0.0,0.0,0.0,0.0,0.0,0.0
1934.0,Q2,110.2,27.32,3.891242937853107,0.7053084806184061,1410.6169612368124,1410.616961236812,2,,0.0,0.0,0.0,0.0,0.0,0.0,0.0,0.0,0.0,0.0,0.0,0.0
1934.0,Q3,963.7,27.74,33.53166318719555,0.7053084806184061,3526.542403092031,1974.863745731537,3,,0.0,0.0,0.0,0.0,0.0,0.0,0.0,0.0,0.0,0.0,0.0,0.0
1934.0,Q4,108.7,22.5,4.6255319148936165,0.7053084806184061,1410.6169612368124,1128.4935689894498,4,,0.0,0.0,0.0,0.0,0.0,0.0,0.0,0.0,0.0,0.0,0.0,0.0
1935.0,Q1,47.6,20.05,2.261282660332541,0.5626344460694422,562.6344460694422,900.2151137111076,1,,0.0,0.0,0.0,0.0,0.0,0.0,0.0,0.0,0.0,0.0,0.0,0.0
1935.0,Q2,97.3,27.23,3.446687920651789,0.5626344460694422,1125.2688921388844,1125.2688921388844,2,,0.0,0.0,0.0,0.0,0.0,0.0,0.0,0.0,0.0,0.0,0.0,0.0
1935.0,Q3,905.1,27.62,31.624737945492654,0.5626344460694422,2813.172230347211,1575.376448994438,3,,0.0,0.0,0.0,0.0,0.0,0.0,0.0,0.0,0.0,0.0,0.0,0.0
1935.0,Q4,77.8,22.77,3.2730332351703826,0.5626344460694422,1125.2688921388844,900.2151137111076,4,,0.0,0.0,0.0,0.0,0.0,0.0,0.0,0.0,0.0,0.0,0.0,0.0
1936.0,Q1,54.1,20.18,2.5542965061378657,0.7183583908452109,718.358390845211,1149.3734253523376,1,,0.0,0.0,0.0,0.0,0.0,0.0,0.0,0.0,0.0,0.0,0.0,0.0
1936.0,Q2,154.0,27.4,5.422535211267606,0.7183583908452109,1436.716781690422,1436.7167816904218,2,,0.0,0.0,0.0,0.0,0.0,0.0,0.0,0.0,0.0,0.0,0.0,0.0
1936.0,Q3,968.9,27.46,34.04427266338721,0.7183583908452109,3591.7919542260547,2011.4034943665904,3,,0.0,0.0,0.0,0.0,0.0,0.0,0.0,0.0,0.0,0.0,0.0,0.0
1936.0,Q4,144.8,22.98,6.038365304420351,0.7183583908452109,1436.716781690422,1149.3734253523376,4,,0.0,0.0,0.0,0.0,0.0,0.0,0.0,0.0,0.0,0.0,0.0,0.0
1937.0,Q1,56.9,20.23,2.680169571361281,0.5026637191732324,502.6637191732325,804.2619506771719,1,,0.0,0.0,0.0,0.0,0.0,0.0,0.0,0.0,0.0,0.0,0.0,0.0
1937.0,Q2,133.3,26.99,4.762415148267239,0.5026637191732324,1005.3274383464648,1005.3274383464648,2,,0.0,0.0,0.0,0.0,0.0,0.0,0.0,0.0,0.0,0.0,0.0,0.0
1937.0,Q3,880.5999999999999,27.88,30.49168975069252,0.5026637191732324,2513.318595866162,1407.4584136850506,3,,0.0,0.0,0.0,0.0,0.0,0.0,0.0,0.0,0.0,0.0,0.0,0.0
1937.0,Q4,133.79999999999998,22.36,5.727739726027397,0.5026637191732324,1005.3274383464648,804.2619506771719,4,,0.0,0.0,0.0,0.0,0.0,0.0,0.0,0.0,0.0,0.0,0.0,0.0
1938.0,Q1,60.6,20.09,2.8733997155049784,0.7817612934179899,781.76129341799,1250.818069468784,1,,0.0,0.0,0.0,0.0,0.0,0.0,0.0,0.0,0.0,0.0,0.0,0.0
1938.0,Q2,138.5,27.95,4.784110535405873,0.7817612934179899,1563.52258683598,1563.5225868359798,2,,0.0,0.0,0.0,0.0,0.0,0.0,0.0,0.0,0.0,0.0,0.0,0.0
1938.0,Q3,994.9,27.45,34.9701230228471,0.7817612934179899,3908.80646708995,2188.931621570372,3,,0.0,0.0,0.0,0.0,0.0,0.0,0.0,0.0,0.0,0.0,0.0,0.0
1938.0,Q4,96.6,22.47,4.115892628887942,0.7817612934179899,1563.52258683598,1250.818069468784,4,,0.0,0.0,0.0,0.0,0.0,0.0,0.0,0.0,0.0,0.0,0.0,0.0
1939.0,Q1,45.400000000000006,20.51,2.1106462110646214,0.3836405968216874,383.6405968216875,613.8249549146999,1,,0.0,0.0,0.0,0.0,0.0,0.0,0.0,0.0,0.0,0.0,0.0,0.0
1939.0,Q2,111.9,26.95,4.003577817531307,0.3836405968216874,767.281193643375,767.2811936433749,2,,0.0,0.0,0.0,0.0,0.0,0.0,0.0,0.0,0.0,0.0,0.0,0.0
1939.0,Q3,831.6999999999999,27.73,28.9488339714584,0.3836405968216874,1918.2029841084368,1074.1936711007247,3,,0.0,0.0,0.0,0.0,0.0,0.0,0.0,0.0,0.0,0.0,0.0,0.0
1939.0,Q4,122.5,22.75,5.157894736842106,0.3836405968216874,767.281193643375,613.8249549146999,4,,0.0,0.0,0.0,0.0,0.0,0.0,0.0,0.0,0.0,0.0,0.0,0.0
1940.0,Q1,38.8,20.02,1.845861084681256,0.5154609771611222,515.4609771611222,824.7375634577955,1,,0.0,0.0,0.0,0.0,0.0,0.0,0.0,0.0,0.0,0.0,0.0,0.0
1940.0,Q2,155.39999999999998,26.77,5.595966870723802,0.5154609771611222,1030.9219543222443,1030.9219543222443,2,,0.0,0.0,0.0,0.0,0.0,0.0,0.0,0.0,0.0,0.0,0.0,0.0
1940.0,Q3,885.8,27.75,30.81043478260869,0.5154609771611222,2577.304885805611,1443.290736051142,3,,0.0,0.0,0.0,0.0,0.0,0.0,0.0,0.0,0.0,0.0,0.0,0.0
1940.0,Q4,121.3,22.76,5.105218855218856,0.5154609771611222,1030.9219543222443,824.7375634577955,4,,0.0,0.0,0.0,0.0,0.0,0.0,0.0,0.0,0.0,0.0,0.0,0.0
1941.0,Q1,39.3,20.33,1.8424753867791843,0.2888871660303734,288.8871660303734,462.2194656485975,1,,0.0,0.0,0.0,0.0,0.0,0.0,0.0,0.0,0.0,0.0,0.0,0.0
1941.0,Q2,132.9,28.17,4.556050737058622,0.2888871660303734,577.7743320607468,577.7743320607468,2,,0.0,0.0,0.0,0.0,0.0,0.0,0.0,0.0,0.0,0.0,0.0,0.0
1941.0,Q3,792.9,28.05,27.29432013769363,0.2888871660303734,1444.435830151867,808.8840648850455,3,,0.0,0.0,0.0,0.0,0.0,0.0,0.0,0.0,0.0,0.0,0.0,0.0
1941.0,Q4,108.9,23.3,4.481481481481481,0.2888871660303734,577.7743320607468,462.2194656485975,4,,0.0,0.0,0.0,0.0,0.0,0.0,0.0,0.0,0.0,0.0,0.0,0.0
1942.0,Q1,67.4,20.33,3.159868729488984,0.7950334792201347,795.0334792201347,1272.0535667522156,1,,0.0,0.0,0.0,0.0,0.0,0.0,0.0,0.0,0.0,0.0,0.0,0.0
1942.0,Q2,129.0,27.85,4.471403812824956,0.7950334792201347,1590.0669584402694,1590.0669584402694,2,,0.0,0.0,0.0,0.0,0.0,0.0,0.0,0.0,0.0,0.0,0.0,0.0
1942.0,Q3,1000.6,27.88,34.646814404432135,0.7950334792201347,3975.167396100673,2226.093741816377,3,,0.0,0.0,0.0,0.0,0.0,0.0,0.0,0.0,0.0,0.0,0.0,0.0
1942.0,Q4,75.7,22.45,3.2281449893390195,0.7950334792201347,1590.0669584402694,1272.0535667522156,4,,0.0,0.0,0.0,0.0,0.0,0.0,0.0,0.0,0.0,0.0,0.0,0.0
1943.0,Q1,66.6,19.67,3.222060957910014,0.5904551835212882,590.4551835212882,944.7282936340612,1,,0.0,0.0,0.0,0.0,0.0,0.0,0.0,0.0,0.0,0.0,0.0,0.0
1943.0,Q2,174.7,26.94,6.252684323550465,0.5904551835212882,1180.9103670425764,1180.9103670425764,2,,0.0,0.0,0.0,0.0,0.0,0.0,0.0,0.0,0.0,0.0,0.0,0.0
1943.0,Q3,916.5,27.59,32.05666316894019,0.5904551835212882,2952.275917606441,1653.2745138596067,3,,0.0,0.0,0.0,0.0,0.0,0.0,0.0,0.0,0.0,0.0,0.0,0.0
1943.0,Q4,111.3,22.53,4.730131746706332,0.5904551835212882,1180.9103670425764,944.7282936340612,4,,0.0,0.0,0.0,0.0,0.0,0.0,0.0,0.0,0.0,0.0,0.0,0.0
1944.0,Q1,65.4,19.34,3.2153392330383483,0.6666584781041778,666.6584781041779,1066.6535649666846,1,,0.0,0.0,0.0,0.0,0.0,0.0,0.0,0.0,0.0,0.0,0.0,0.0
1944.0,Q2,147.8,26.9,5.297491039426524,0.6666584781041778,1333.3169562083558,1333.3169562083556,2,,0.0,0.0,0.0,0.0,0.0,0.0,0.0,0.0,0.0,0.0,0.0,0.0
1944.0,Q3,947.9,27.86,32.84476784476785,0.6666584781041778,3333.292390520889,1866.6437386916975,3,,0.0,0.0,0.0,0.0,0.0,0.0,0.0,0.0,0.0,0.0,0.0,0.0
1944.0,Q4,137.29999999999998,22.52,5.837585034013605,0.6666584781041778,1333.3169562083558,1066.6535649666846,4,,0.0,0.0,0.0,0.0,0.0,0.0,0.0,0.0,0.0,0.0,0.0,0.0
1945.0,Q1,44.400000000000006,18.88,2.233400402414487,0.6803771886660928,680.3771886660928,1088.6035018657485,1,,0.0,0.0,0.0,0.0,0.0,0.0,0.0,0.0,0.0,0.0,0.0,0.0
1945.0,Q2,120.8,27.05,4.306595365418895,0.6803771886660928,1360.7543773321856,1360.7543773321854,2,,0.0,0.0,0.0,0.0,0.0,0.0,0.0,0.0,0.0,0.0,0.0,0.0
1945.0,Q3,953.6,28.0,32.88275862068965,0.6803771886660928,3401.885943330464,1905.0561282650597,3,,0.0,0.0,0.0,0.0,0.0,0.0,0.0,0.0,0.0,0.0,0.0,0.0
1945.0,Q4,103.4,21.79,4.537077665642826,0.6803771886660928,1360.7543773321856,1088.6035018657485,4,,0.0,0.0,0.0,0.0,0.0,0.0,0.0,0.0,0.0,0.0,0.0,0.0
1946.0,Q1,23.5,20.68,1.0839483394833949,0.7294876241994147,729.4876241994148,1167.1801987190636,1,,0.0,0.0,0.0,0.0,0.0,0.0,0.0,0.0,0.0,0.0,0.0,0.0
1946.0,Q2,143.8,27.36,5.070521861777151,0.7294876241994147,1458.9752483988295,1458.9752483988293,2,,0.0,0.0,0.0,0.0,0.0,0.0,0.0,0.0,0.0,0.0,0.0,0.0
1946.0,Q3,973.6,27.7,33.92334494773519,0.7294876241994147,3647.4381209970734,2042.565347758361,3,,0.0,0.0,0.0,0.0,0.0,0.0,0.0,0.0,0.0,0.0,0.0,0.0
1946.0,Q4,196.2,23.09,8.144458281444582,0.7294876241994147,1458.9752483988295,1167.1801987190636,4,,0.0,0.0,0.0,0.0,0.0,0.0,0.0,0.0,0.0,0.0,0.0,0.0
1947.0,Q1,40.7,20.27,1.913493182886695,0.7322379802164127,732.2379802164128,1171.5807683462606,1,,0.0,0.0,0.0,0.0,0.0,0.0,0.0,0.0,0.0,0.0,0.0,0.0
1947.0,Q2,121.0,27.78,4.204308547602501,0.7322379802164127,1464.4759604328256,1464.4759604328256,2,,0.0,0.0,0.0,0.0,0.0,0.0,0.0,0.0,0.0,0.0,0.0,0.0
1947.0,Q3,974.9,28.02,33.59407305306685,0.7322379802164127,3661.189901082064,2050.2663446059555,3,,0.0,0.0,0.0,0.0,0.0,0.0,0.0,0.0,0.0,0.0,0.0,0.0
1947.0,Q4,99.6,22.77,4.190155658392932,0.7322379802164127,1464.4759604328256,1171.5807683462606,4,,0.0,0.0,0.0,0.0,0.0,0.0,0.0,0.0,0.0,0.0,0.0,0.0
1948.0,Q1,54.2,20.42,2.530345471521942,0.7265831569399347,726.5831569399347,1162.5330511038956,1,,0.0,0.0,0.0,0.0,0.0,0.0,0.0,0.0,0.0,0.0,0.0,0.0
1948.0,Q2,173.3,27.57,6.065803290164508,0.7265831569399347,1453.1663138798694,1453.1663138798694,2,,0.0,0.0,0.0,0.0,0.0,0.0,0.0,0.0,0.0,0.0,0.0,0.0
1948.0,Q3,972.5,27.87,33.68548666435746,0.7265831569399347,3632.9157846996736,2034.432839431817,3,,0.0,0.0,0.0,0.0,0.0,0.0,0.0,0.0,0.0,0.0,0.0,0.0
1948.0,Q4,142.3,22.82,5.973971452560874,0.7265831569399347,1453.1663138798694,1162.5330511038956,4,,0.0,0.0,0.0,0.0,0.0,0.0,0.0,0.0,0.0,0.0,0.0,0.0
1949.0,Q1,41.4,20.53,1.9228982814677196,0.6750655459867716,675.0655459867717,1080.1048735788345,1,,0.0,0.0,0.0,0.0,0.0,0.0,0.0,0.0,0.0,0.0,0.0,0.0
1949.0,Q2,166.39999999999998,27.52,5.834502103786815,0.6750655459867716,1350.131091973543,1350.131091973543,2,,0.0,0.0,0.0,0.0,0.0,0.0,0.0,0.0,0.0,0.0,0.0,0.0
1949.0,Q3,951.3,27.76,33.07719054242003,0.6750655459867716,3375.327729933858,1890.18352876296,3,,0.0,0.0,0.0,0.0,0.0,0.0,0.0,0.0,0.0,0.0,0.0,0.0
1949.0,Q4,110.4,22.43,4.711907810499359,0.6750655459867716,1350.131091973543,1080.1048735788345,4,,0.0,0.0,0.0,0.0,0.0,0.0,0.0,0.0,0.0,0.0,0.0,0.0
1950.0,Q1,60.8,19.98,2.897998093422306,0.5636426253171185,563.6426253171185,901.8282005073896,1,,0.0,0.0,0.0,0.0,0.0,0.0,0.0,0.0,0.0,0.0,0.0,0.0
1950.0,Q2,114.8,27.1,4.08540925266904,0.5636426253171185,1127.285250634237,1127.285250634237,2,,0.0,0.0,0.0,0.0,0.0,0.0,0.0,0.0,0.0,0.0,0.0,0.0
1950.0,Q3,905.5,27.59,31.671913256383352,0.5636426253171185,2818.2131265855924,1578.1993508879316,3,,0.0,0.0,0.0,0.0,0.0,0.0,0.0,0.0,0.0,0.0,0.0,0.0
1950.0,Q4,93.1,22.31,3.993993993993995,0.5636426253171185,1127.285250634237,901.8282005073896,4,,0.0,0.0,0.0,0.0,0.0,0.0,0.0,0.0,0.0,0.0,0.0,0.0
1951.0,Q1,27.8,20.06,1.3200379867046532,0.2170411353672408,217.04113536724083,347.2658165875853,1,,0.0,0.0,0.0,0.0,0.0,0.0,0.0,0.0,0.0,0.0,0.0,0.0
1951.0,Q2,158.2,27.01,5.64798286326312,0.2170411353672408,434.08227073448165,434.0822707344816,2,,0.0,0.0,0.0,0.0,0.0,0.0,0.0,0.0,0.0,0.0,0.0,0.0
1951.0,Q3,763.4,28.03,26.2969342059938,0.2170411353672408,1085.205676836204,607.7151790282742,3,,0.0,0.0,0.0,0.0,0.0,0.0,0.0,0.0,0.0,0.0,0.0,0.0
1951.0,Q4,111.0,23.55,4.521384928716905,0.2170411353672408,434.08227073448165,347.2658165875853,4,,0.0,0.0,0.0,0.0,0.0,0.0,0.0,0.0,0.0,0.0,0.0,0.0
1952.0,Q1,30.3,21.17,1.3667117726657645,0.3764423474098546,376.4423474098546,602.3077558557674,1,,0.0,0.0,0.0,0.0,0.0,0.0,0.0,0.0,0.0,0.0,0.0,0.0
1952.0,Q2,139.5,27.47,4.899894625922023,0.3764423474098546,752.8846948197092,752.8846948197092,2,,0.0,0.0,0.0,0.0,0.0,0.0,0.0,0.0,0.0,0.0,0.0,0.0
1952.0,Q3,828.8000000000001,27.9,28.678200692041525,0.3764423474098546,1882.211737049273,1054.038572747593,3,,0.0,0.0,0.0,0.0,0.0,0.0,0.0,0.0,0.0,0.0,0.0,0.0
1952.0,Q4,111.3,22.86,4.664710813076279,0.3764423474098546,752.8846948197092,602.3077558557674,4,,0.0,0.0,0.0,0.0,0.0,0.0,0.0,0.0,0.0,0.0,0.0,0.0
1953.0,Q1,40.8,20.75,1.8758620689655168,0.7068226649414928,706.8226649414928,1130.9162639063886,1,,0.0,0.0,0.0,0.0,0.0,0.0,0.0,0.0,0.0,0.0,0.0,0.0
1953.0,Q2,110.7,28.28,3.780737704918032,0.7068226649414928,1413.6453298829856,1413.6453298829856,2,,0.0,0.0,0.0,0.0,0.0,0.0,0.0,0.0,0.0,0.0,0.0,0.0
1953.0,Q3,964.4,27.89,33.38179300796123,0.7068226649414928,3534.113324707464,1979.10346183618,3,,0.0,0.0,0.0,0.0,0.0,0.0,0.0,0.0,0.0,0.0,0.0,0.0
1953.0,Q4,106.1,23.03,4.4153141905950894,0.7068226649414928,1413.6453298829856,1130.9162639063886,4,,0.0,0.0,0.0,0.0,0.0,0.0,0.0,0.0,0.0,0.0,0.0,0.0
1954.0,Q1,74.80000000000001,20.5,3.479069767441861,0.6022033335482994,602.2033335482994,963.525333677279,1,,0.0,0.0,0.0,0.0,0.0,0.0,0.0,0.0,0.0,0.0,0.0,0.0
1954.0,Q2,93.8,28.0,3.23448275862069,0.6022033335482994,1204.4066670965988,1204.4066670965988,2,,0.0,0.0,0.0,0.0,0.0,0.0,0.0,0.0,0.0,0.0,0.0,0.0
1954.0,Q3,921.4,27.76,32.037552155771905,0.6022033335482994,3011.016667741497,1686.1693339352382,3,,0.0,0.0,0.0,0.0,0.0,0.0,0.0,0.0,0.0,0.0,0.0,0.0
1954.0,Q4,91.3,22.28,3.921821305841924,0.6022033335482994,1204.4066670965988,963.525333677279,4,,0.0,0.0,0.0,0.0,0.0,0.0,0.0,0.0,0.0,0.0,0.0,0.0
1955.0,Q1,24.9,20.58,1.153846153846154,0.6574740187051465,657.4740187051466,1051.9584299282346,1,,0.0,0.0,0.0,0.0,0.0,0.0,0.0,0.0,0.0,0.0,0.0,0.0
1955.0,Q2,124.5,27.22,4.411764705882353,0.6574740187051465,1314.9480374102932,1314.9480374102932,2,,0.0,0.0,0.0,0.0,0.0,0.0,0.0,0.0,0.0,0.0,0.0,0.0
1955.0,Q3,944.0,27.6,33.00699300699301,0.6574740187051465,3287.370093525733,1840.9272523744105,3,,0.0,0.0,0.0,0.0,0.0,0.0,0.0,0.0,0.0,0.0,0.0,0.0
1955.0,Q4,182.00000000000003,22.33,7.801114444920705,0.6574740187051465,1314.9480374102932,1051.9584299282346,4,,0.0,0.0,0.0,0.0,0.0,0.0,0.0,0.0,0.0,0.0,0.0,0.0
1956.0,Q1,28.1,20.03,1.336186400380409,0.7538190945461872,753.8190945461873,1206.1105512738995,1,,0.0,0.0,0.0,0.0,0.0,0.0,0.0,0.0,0.0,0.0,0.0,0.0
1956.0,Q2,145.1,27.69,5.057511327988846,0.7538190945461872,1507.638189092375,1507.6381890923744,2,,0.0,0.0,0.0,0.0,0.0,0.0,0.0,0.0,0.0,0.0,0.0,0.0
1956.0,Q3,983.3,27.22,34.84408221119774,0.7538190945461872,3769.095472730936,2110.693464729324,3,,0.0,0.0,0.0,0.0,0.0,0.0,0.0,0.0,0.0,0.0,0.0,0.0
1956.0,Q4,206.0,22.45,8.784648187633262,0.7538190945461872,1507.638189092375,1206.1105512738995,4,,0.0,0.0,0.0,0.0,0.0,0.0,0.0,0.0,0.0,0.0,0.0,0.0
1957.0,Q1,42.0,19.93,2.0066889632107023,0.4307560714417004,430.7560714417005,689.2097143067208,1,,0.0,0.0,0.0,0.0,0.0,0.0,0.0,0.0,0.0,0.0,0.0,0.0
1957.0,Q2,134.9,26.86,4.842067480258435,0.4307560714417004,861.5121428834009,861.512142883401,2,,0.0,0.0,0.0,0.0,0.0,0.0,0.0,0.0,0.0,0.0,0.0,0.0
1957.0,Q3,851.0999999999999,27.92,29.42946058091286,0.4307560714417004,2153.780357208502,1206.1170000367613,3,,0.0,0.0,0.0,0.0,0.0,0.0,0.0,0.0,0.0,0.0,0.0,0.0
1957.0,Q4,103.9,23.21,4.291615035109459,0.4307560714417004,861.5121428834009,689.2097143067208,4,,0.0,0.0,0.0,0.0,0.0,0.0,0.0,0.0,0.0,0.0,0.0,0.0
1958.0,Q1,28.9,21.19,1.302388463271744,0.7717341574226836,771.7341574226837,1234.7746518762938,1,,0.0,0.0,0.0,0.0,0.0,0.0,0.0,0.0,0.0,0.0,0.0,0.0
1958.0,Q2,136.5,28.04,4.700413223140496,0.7717341574226836,1543.468314845367,1543.468314845367,2,,0.0,0.0,0.0,0.0,0.0,0.0,0.0,0.0,0.0,0.0,0.0,0.0
1958.0,Q3,991.2,28.18,33.96847155586018,0.7717341574226836,3858.670787113418,2160.855640783514,3,,0.0,0.0,0.0,0.0,0.0,0.0,0.0,0.0,0.0,0.0,0.0,0.0
1958.0,Q4,155.6,23.24,6.419141914191419,0.7717341574226836,1543.468314845367,1234.7746518762938,4,,0.0,0.0,0.0,0.0,0.0,0.0,0.0,0.0,0.0,0.0,0.0,0.0
1959.0,Q1,55.6,20.31,2.609103707179728,0.909915213045071,909.915213045071,1455.8643408721136,1,,0.0,0.0,0.0,0.0,0.0,0.0,0.0,0.0,0.0,0.0,0.0,0.0
1959.0,Q2,122.5,27.83,4.249046132500867,0.909915213045071,1819.830426090142,1819.8304260901416,2,,0.0,0.0,0.0,0.0,0.0,0.0,0.0,0.0,0.0,0.0,0.0,0.0
1959.0,Q3,1047.7,27.8,36.37847222222222,0.909915213045071,4549.576065225355,2547.762596526198,3,,0.0,0.0,0.0,0.0,0.0,0.0,0.0,0.0,0.0,0.0,0.0,0.0
1959.0,Q4,151.0,22.99,6.294289287203002,0.909915213045071,1819.830426090142,1455.8643408721136,4,,0.0,0.0,0.0,0.0,0.0,0.0,0.0,0.0,0.0,0.0,0.0,0.0
1960.0,Q1,16.5,20.85,0.7551487414187642,0.5860737892039277,586.0737892039277,937.7180627262844,1,,0.0,0.0,0.0,0.0,0.0,0.0,0.0,0.0,0.0,0.0,0.0,0.0
1960.0,Q2,112.9,27.27,3.993632826317652,0.5860737892039277,1172.1475784078557,1172.1475784078557,2,,0.0,0.0,0.0,0.0,0.0,0.0,0.0,0.0,0.0,0.0,0.0,0.0
1960.0,Q3,914.9,28.03,31.51567344126765,0.5860737892039277,2930.3689460196388,1641.0066097709976,3,,0.0,0.0,0.0,0.0,0.0,0.0,0.0,0.0,0.0,0.0,0.0,0.0
1960.0,Q4,110.5,23.0,4.604166666666667,0.5860737892039277,1172.1475784078557,937.7180627262844,4,,0.0,0.0,0.0,0.0,0.0,0.0,0.0,0.0,0.0,0.0,0.0,0.0
1961.0,Q1,60.9,20.05,2.893111638954869,0.9207538401738043,920.7538401738044,1473.206144278087,1,,0.0,0.0,0.0,0.0,0.0,0.0,0.0,0.0,0.0,0.0,0.0,0.0
1961.0,Q2,132.1,27.65,4.610820244328098,0.9207538401738043,1841.5076803476088,1841.5076803476088,2,,0.0,0.0,0.0,0.0,0.0,0.0,0.0,0.0,0.0,0.0,0.0,0.0
1961.0,Q3,1052.0,27.58,36.80895731280616,0.9207538401738043,4603.769200869022,2578.110752486652,3,,0.0,0.0,0.0,0.0,0.0,0.0,0.0,0.0,0.0,0.0,0.0,0.0
1961.0,Q4,154.3,22.09,6.682546556951062,0.9207538401738043,1841.5076803476088,1473.206144278087,4,,0.0,0.0,0.0,0.0,0.0,0.0,0.0,0.0,0.0,0.0,0.0,0.0
1962.0,Q1,34.2,19.85,1.640287769784173,0.5660631125044524,566.0631125044524,905.700980007124,1,,0.0,0.0,0.0,0.0,0.0,0.0,0.0,0.0,0.0,0.0,0.0,0.0
1962.0,Q2,130.4,27.36,4.59802538787024,0.5660631125044524,1132.1262250089048,1132.1262250089048,2,,0.0,0.0,0.0,0.0,0.0,0.0,0.0,0.0,0.0,0.0,0.0,0.0
1962.0,Q3,906.6,27.83,31.446409989594176,0.5660631125044524,2830.315562522262,1584.976715012467,3,,0.0,0.0,0.0,0.0,0.0,0.0,0.0,0.0,0.0,0.0,0.0,0.0
1962.0,Q4,126.6,22.5,5.387234042553192,0.5660631125044524,1132.1262250089048,905.700980007124,4,,0.0,0.0,0.0,0.0,0.0,0.0,0.0,0.0,0.0,0.0,0.0,0.0
1963.0,Q1,16.6,20.38,0.7764265668849393,0.569919299124015,569.919299124015,911.870878598424,1,,0.0,0.0,0.0,0.0,0.0,0.0,0.0,0.0,0.0,0.0,0.0,0.0
1963.0,Q2,153.20000000000002,27.06,5.459729151817535,0.569919299124015,1139.83859824803,1139.83859824803,2,,0.0,0.0,0.0,0.0,0.0,0.0,0.0,0.0,0.0,0.0,0.0,0.0
1963.0,Q3,908.2,27.87,31.458261170765496,0.569919299124015,2849.5964956200746,1595.7740375472415,3,,0.0,0.0,0.0,0.0,0.0,0.0,0.0,0.0,0.0,0.0,0.0,0.0
1963.0,Q4,143.0,23.17,5.916425320645428,0.569919299124015,1139.83859824803,911.870878598424,4,,0.0,0.0,0.0,0.0,0.0,0.0,0.0,0.0,0.0,0.0,0.0,0.0
1964.0,Q1,32.7,20.17,1.5446386395843177,0.7866452398370299,786.64523983703,1258.632383739248,1,,0.0,0.0,0.0,0.0,0.0,0.0,0.0,0.0,0.0,0.0,0.0,0.0
1964.0,Q2,111.1,27.9,3.8442906574394464,0.7866452398370299,1573.29047967406,1573.29047967406,2,,0.0,0.0,0.0,0.0,0.0,0.0,0.0,0.0,0.0,0.0,0.0,0.0
1964.0,Q3,997.0,27.61,34.84795526039846,0.7866452398370299,3933.2261991851497,2202.606671543684,3,,0.0,0.0,0.0,0.0,0.0,0.0,0.0,0.0,0.0,0.0,0.0,0.0
1964.0,Q4,103.5,22.78,4.352396972245584,0.7866452398370299,1573.29047967406,1258.632383739248,4,,0.0,0.0,0.0,0.0,0.0,0.0,0.0,0.0,0.0,0.0,0.0,0.0
1965.0,Q1,39.900000000000006,20.64,1.8438077634011087,0.0833567549726346,83.35675497263465,133.37080795621543,1,,0.0,0.0,0.0,0.0,0.0,0.0,0.0,0.0,0.0,0.0,0.0,0.0
1965.0,Q2,124.5,26.77,4.483255311487216,0.0833567549726346,166.7135099452693,166.7135099452693,2,,0.0,0.0,0.0,0.0,0.0,0.0,0.0,0.0,0.0,0.0,0.0,0.0
1965.0,Q3,708.5,27.88,24.53254847645429,0.0833567549726346,416.7837748631732,233.398913923377,3,,0.0,0.0,0.0,0.0,0.0,0.0,0.0,0.0,0.0,0.0,0.0,0.0
1965.0,Q4,74.4,23.22,3.071841453344344,0.0833567549726346,166.7135099452693,133.37080795621543,4,,0.0,0.0,0.0,0.0,0.0,0.0,0.0,0.0,0.0,0.0,0.0,0.0
1966.0,Q1,38.5,21.23,1.731893837156995,0.2763027762932267,276.3027762932268,442.0844420691628,1,,0.0,0.0,0.0,0.0,0.0,0.0,0.0,0.0,0.0,0.0,0.0,0.0
1966.0,Q2,108.1,27.66,3.771807397069086,0.2763027762932267,552.6055525864535,552.6055525864535,2,,0.0,0.0,0.0,0.0,0.0,0.0,0.0,0.0,0.0,0.0,0.0,0.0
1966.0,Q3,787.6999999999999,27.91,27.24662746454514,0.2763027762932267,1381.513881466134,773.647773621035,3,,0.0,0.0,0.0,0.0,0.0,0.0,0.0,0.0,0.0,0.0,0.0,0.0
1966.0,Q4,123.8,23.04,5.149750415973378,0.2763027762932267,552.6055525864535,442.0844420691628,4,,0.0,0.0,0.0,0.0,0.0,0.0,0.0,0.0,0.0,0.0,0.0,0.0
1967.0,Q1,25.3,20.63,1.169671752196024,0.5115125827513369,511.512582751337,818.4201324021392,1,,0.0,0.0,0.0,0.0,0.0,0.0,0.0,0.0,0.0,0.0,0.0,0.0
1967.0,Q2,135.6,26.96,4.849785407725322,0.5115125827513369,1023.025165502674,1023.025165502674,2,,0.0,0.0,0.0,0.0,0.0,0.0,0.0,0.0,0.0,0.0,0.0,0.0
1967.0,Q3,884.2,27.8,30.70138888888889,0.5115125827513369,2557.562913756685,1432.2352317037432,3,,0.0,0.0,0.0,0.0,0.0,0.0,0.0,0.0,0.0,0.0,0.0,0.0
1967.0,Q4,108.8,22.88,4.556113902847572,0.5115125827513369,1023.025165502674,818.4201324021392,4,,0.0,0.0,0.0,0.0,0.0,0.0,0.0,0.0,0.0,0.0,0.0,0.0
1968.0,Q1,49.2,19.67,2.3802612481857763,0.3106288136369006,310.6288136369006,497.00610181904096,1,,0.0,0.0,0.0,0.0,0.0,0.0,0.0,0.0,0.0,0.0,0.0,0.0
1968.0,Q2,106.8,27.1,3.800711743772242,0.3106288136369006,621.2576272738012,621.2576272738012,2,,0.0,0.0,0.0,0.0,0.0,0.0,0.0,0.0,0.0,0.0,0.0,0.0
1968.0,Q3,801.8,27.95,27.696027633851468,0.3106288136369006,1553.1440681845029,869.7606781833216,3,,0.0,0.0,0.0,0.0,0.0,0.0,0.0,0.0,0.0,0.0,0.0,0.0
1968.0,Q4,101.5,22.88,4.250418760469011,0.3106288136369006,621.2576272738012,497.00610181904096,4,,0.0,0.0,0.0,0.0,0.0,0.0,0.0,0.0,0.0,0.0,0.0,0.0
1969.0,Q1,27.2,20.5,1.2651162790697674,0.5354369882662802,535.4369882662802,856.6991812260484,1,,0.0,0.0,0.0,0.0,0.0,0.0,0.0,0.0,0.0,0.0,0.0,0.0
1969.0,Q2,123.2,27.95,4.255613126079448,0.5354369882662802,1070.8739765325604,1070.8739765325604,2,,0.0,0.0,0.0,0.0,0.0,0.0,0.0,0.0,0.0,0.0,0.0,0.0
1969.0,Q3,894.0999999999999,28.0,30.831034482758614,0.5354369882662802,2677.1849413314008,1499.2235671455844,3,,0.0,0.0,0.0,0.0,0.0,0.0,0.0,0.0,0.0,0.0,0.0,0.0
1969.0,Q4,103.5,23.37,4.247025030775544,0.5354369882662802,1070.8739765325604,856.6991812260484,4,,0.0,0.0,0.0,0.0,0.0,0.0,0.0,0.0,0.0,0.0,0.0,0.0
1970.0,Q1,50.5,20.61,2.336881073577048,0.762701994861228,762.7019948612281,1220.323191777965,1,,0.0,0.0,0.0,0.0,0.0,0.0,0.0,0.0,0.0,0.0,0.0,0.0
1970.0,Q2,124.8,27.76,4.339360222531293,0.762701994861228,1525.403989722456,1525.403989722456,2,,0.0,0.0,0.0,0.0,0.0,0.0,0.0,0.0,0.0,0.0,0.0,0.0
1970.0,Q3,987.2,27.65,34.45724258289704,0.762701994861228,3813.50997430614,2135.5655856114386,3,,0.0,0.0,0.0,0.0,0.0,0.0,0.0,0.0,0.0,0.0,0.0,0.0
1970.0,Q4,92.6,22.54,3.9337298215802887,0.762701994861228,1525.403989722456,1220.323191777965,4,,0.0,0.0,0.0,0.0,0.0,0.0,0.0,0.0,0.0,0.0,0.0,0.0
1971.0,Q1,39.7,20.13,1.878845243729295,0.5771315688587944,577.1315688587944,923.4105101740712,1,,0.0,0.0,0.0,0.0,0.0,0.0,0.0,0.0,0.0,0.0,0.0,0.0
1971.0,Q2,138.6,26.96,4.957081545064377,0.5771315688587944,1154.2631377175887,1154.2631377175887,2,,0.0,0.0,0.0,0.0,0.0,0.0,0.0,0.0,0.0,0.0,0.0,0.0
1971.0,Q3,910.9,27.31,32.1759095725892,0.5771315688587944,2885.657844293972,1615.968392804624,3,,0.0,0.0,0.0,0.0,0.0,0.0,0.0,0.0,0.0,0.0,0.0,0.0
1971.0,Q4,127.8,22.52,5.433673469387756,0.5771315688587944,1154.2631377175887,923.4105101740712,4,,0.0,0.0,0.0,0.0,0.0,0.0,0.0,0.0,0.0,0.0,0.0,0.0
1972.0,Q1,37.900000000000006,19.61,1.8389131489568171,0.0,0.0,0.0,1,,0.0,0.0,0.0,0.0,0.0,0.0,0.0,0.0,0.0,0.0,0.0,0.0
1972.0,Q2,114.0,27.29,4.029692470837752,0.0,0.0,0.0,2,,0.0,0.0,0.0,0.0,0.0,0.0,0.0,0.0,0.0,0.0,0.0,0.0
1972.0,Q3,674.3,28.07,23.195734434124525,0.0,0.0,0.0,3,,0.0,0.0,0.0,0.0,0.0,0.0,0.0,0.0,0.0,0.0,0.0,0.0
1972.0,Q4,120.8,23.09,5.014528850145289,0.0,0.0,0.0,4,,0.0,0.0,0.0,0.0,0.0,0.0,0.0,0.0,0.0,0.0,0.0,0.0
1973.0,Q1,42.8,20.86,1.9579139981701736,0.5997216054830385,599.7216054830386,959.5545687728616,1,,0.0,0.0,0.0,0.0,0.0,0.0,0.0,0.0,0.0,0.0,0.0,0.0
1973.0,Q2,105.2,27.98,3.630089717046239,0.5997216054830385,1199.4432109660772,1199.443210966077,2,,0.0,0.0,0.0,0.0,0.0,0.0,0.0,0.0,0.0,0.0,0.0,0.0
1973.0,Q3,920.4,27.8,31.95833333333333,0.5997216054830385,2998.6080274151927,1679.2204953525077,3,,0.0,0.0,0.0,0.0,0.0,0.0,0.0,0.0,0.0,0.0,0.0,0.0
1973.0,Q4,151.2,22.54,6.423109600679694,0.5997216054830385,1199.4432109660772,959.5545687728616,4,,0.0,0.0,0.0,0.0,0.0,0.0,0.0,0.0,0.0,0.0,0.0,0.0
1974.0,Q1,29.0,19.69,1.401643305944901,0.2658979281284644,265.89792812846446,425.4366850055432,1,,0.0,0.0,0.0,0.0,0.0,0.0,0.0,0.0,0.0,0.0,0.0,0.0
1974.0,Q2,118.4,27.62,4.13696715583508,0.2658979281284644,531.7958562569289,531.7958562569289,2,,0.0,0.0,0.0,0.0,0.0,0.0,0.0,0.0,0.0,0.0,0.0,0.0
1974.0,Q3,783.4000000000001,27.79,27.210837096213968,0.2658979281284644,1329.4896406423222,744.5141987597004,3,,0.0,0.0,0.0,0.0,0.0,0.0,0.0,0.0,0.0,0.0,0.0,0.0
1974.0,Q4,124.4,22.52,5.289115646258503,0.2658979281284644,531.7958562569289,425.4366850055432,4,,0.0,0.0,0.0,0.0,0.0,0.0,0.0,0.0,0.0,0.0,0.0,0.0
1975.0,Q1,36.2,19.8,1.7403846153846154,0.802669054029625,802.6690540296249,1284.2704864474,1,,0.0,0.0,0.0,0.0,0.0,0.0,0.0,0.0,0.0,0.0,0.0,0.0
1975.0,Q2,107.2,27.42,3.7719915552427863,0.802669054029625,1605.33810805925,1605.33810805925,2,,0.0,0.0,0.0,0.0,0.0,0.0,0.0,0.0,0.0,0.0,0.0,0.0
1975.0,Q3,1003.4,27.33,35.4182845040593,0.802669054029625,4013.3452701481247,2247.47335128295,3,,0.0,0.0,0.0,0.0,0.0,0.0,0.0,0.0,0.0,0.0,0.0,0.0
1975.0,Q4,148.00000000000003,22.29,6.354658651781882,0.802669054029625,1605.33810805925,1284.2704864474,4,,0.0,0.0,0.0,0.0,0.0,0.0,0.0,0.0,0.0,0.0,0.0,0.0
1976.0,Q1,36.0,19.8,1.7307692307692306,0.5321988070595013,532.1988070595013,851.5180912952021,1,,0.0,0.0,0.0,0.0,0.0,0.0,0.0,0.0,0.0,0.0,0.0,0.0
1976.0,Q2,107.2,27.04,3.823109843081312,0.5321988070595013,1064.3976141190026,1064.3976141190026,2,,0.0,0.0,0.0,0.0,0.0,0.0,0.0,0.0,0.0,0.0,0.0,0.0
1976.0,Q3,892.6000000000001,27.59,31.22070654074852,0.5321988070595013,2660.9940352975063,1490.1566597666035,3,,0.0,0.0,0.0,0.0,0.0,0.0,0.0,0.0,0.0,0.0,0.0,0.0
1976.0,Q4,95.6,23.44,3.9116202945990177,0.5321988070595013,1064.3976141190026,851.5180912952021,4,,0.0,0.0,0.0,0.0,0.0,0.0,0.0,0.0,0.0,0.0,0.0,0.0
1977.0,Q1,31.2,20.17,1.473783656117147,0.5593358688200559,559.3358688200559,894.9373901120895,1,,0.0,0.0,0.0,0.0,0.0,0.0,0.0,0.0,0.0,0.0,0.0,0.0
1977.0,Q2,167.3,27.37,5.897074374339091,0.5593358688200559,1118.6717376401118,1118.6717376401118,2,,0.0,0.0,0.0,0.0,0.0,0.0,0.0,0.0,0.0,0.0,0.0,0.0
1977.0,Q3,903.8,27.74,31.44745998608212,0.5593358688200559,2796.67934410028,1566.1404326961565,3,,0.0,0.0,0.0,0.0,0.0,0.0,0.0,0.0,0.0,0.0,0.0,0.0
1977.0,Q4,167.49999999999997,23.34,6.881676253081347,0.5593358688200559,1118.6717376401118,894.9373901120895,4,,0.0,0.0,0.0,0.0,0.0,0.0,0.0,0.0,0.0,0.0,0.0,0.0
1978.0,Q1,39.3,19.66,1.9022265246853824,0.6543303581633217,654.3303581633218,1046.9285730613149,1,,0.0,0.0,0.0,0.0,0.0,0.0,0.0,0.0,0.0,0.0,0.0,0.0
1978.0,Q2,137.5,27.33,4.853512177903283,0.6543303581633217,1308.6607163266435,1308.6607163266435,2,,0.0,0.0,0.0,0.0,0.0,0.0,0.0,0.0,0.0,0.0,0.0,0.0
1978.0,Q3,942.7,27.58,32.98460461861441,0.6543303581633217,3271.651790816609,1832.1250028573008,3,,0.0,0.0,0.0,0.0,0.0,0.0,0.0,0.0,0.0,0.0,0.0,0.0
1978.0,Q4,117.8,23.3,4.847736625514403,0.6543303581633217,1308.6607163266435,1046.9285730613149,4,,0.0,0.0,0.0,0.0,0.0,0.0,0.0,0.0,0.0,0.0,0.0,0.0
1979.0,Q1,55.9,20.47,2.6036329762459247,0.1295085441331918,129.50854413319186,207.21367061310696,1,,0.0,0.0,0.0,0.0,0.0,0.0,0.0,0.0,0.0,0.0,0.0,0.0
1979.0,Q2,104.3,27.36,3.677715091678421,0.1295085441331918,259.0170882663837,259.0170882663837,2,,0.0,0.0,0.0,0.0,0.0,0.0,0.0,0.0,0.0,0.0,0.0,0.0
1979.0,Q3,727.5,28.29,24.837828610447254,0.1295085441331918,647.5427206659592,362.6239235729372,3,,0.0,0.0,0.0,0.0,0.0,0.0,0.0,0.0,0.0,0.0,0.0,0.0
1979.0,Q4,142.29999999999998,23.74,5.751818916734034,0.1295085441331918,259.0170882663837,207.21367061310696,4,,0.0,0.0,0.0,0.0,0.0,0.0,0.0,0.0,0.0,0.0,0.0,0.0
1980.0,Q1,35.1,20.82,1.6086159486709442,0.6285808667980695,628.5808667980696,1005.7293868769112,1,,0.0,0.0,0.0,0.0,0.0,0.0,0.0,0.0,0.0,0.0,0.0,0.0
1980.0,Q2,122.4,28.0,4.220689655172413,0.6285808667980695,1257.1617335961391,1257.161733596139,2,,0.0,0.0,0.0,0.0,0.0,0.0,0.0,0.0,0.0,0.0,0.0,0.0
1980.0,Q3,932.3,27.92,32.2372060857538,0.6285808667980695,3142.904333990348,1760.0264270345945,3,,0.0,0.0,0.0,0.0,0.0,0.0,0.0,0.0,0.0,0.0,0.0,0.0
1980.0,Q4,92.5,23.31,3.805018510900864,0.6285808667980695,1257.1617335961391,1005.7293868769112,4,,0.0,0.0,0.0,0.0,0.0,0.0,0.0,0.0,0.0,0.0,0.0,0.0
1981.0,Q1,49.7,20.5,2.3116279069767445,0.5057554296233322,505.75542962333225,809.2086873973316,1,,0.0,0.0,0.0,0.0,0.0,0.0,0.0,0.0,0.0,0.0,0.0,0.0
1981.0,Q2,152.39999999999998,27.39,5.368087354702359,0.5057554296233322,1011.5108592466644,1011.5108592466644,2,,0.0,0.0,0.0,0.0,0.0,0.0,0.0,0.0,0.0,0.0,0.0,0.0
1981.0,Q3,881.9000000000001,27.96,30.452348066298345,0.5057554296233322,2528.777148116661,1416.11520294533,3,,0.0,0.0,0.0,0.0,0.0,0.0,0.0,0.0,0.0,0.0,0.0,0.0
1981.0,Q4,86.5,22.84,3.628355704697986,0.5057554296233322,1011.5108592466644,809.2086873973316,4,,0.0,0.0,0.0,0.0,0.0,0.0,0.0,0.0,0.0,0.0,0.0,0.0
1982.0,Q1,48.0,20.41,2.241943017281644,0.2340719153824542,234.07191538245425,374.5150646119269,1,,0.0,0.0,0.0,0.0,0.0,0.0,0.0,0.0,0.0,0.0,0.0,0.0
1982.0,Q2,154.5,26.81,5.555555555555556,0.2340719153824542,468.1438307649085,468.1438307649085,2,,0.0,0.0,0.0,0.0,0.0,0.0,0.0,0.0,0.0,0.0,0.0,0.0
1982.0,Q3,770.4,28.07,26.5015479876161,0.2340719153824542,1170.3595769122712,655.4013630708719,3,,0.0,0.0,0.0,0.0,0.0,0.0,0.0,0.0,0.0,0.0,0.0,0.0
1982.0,Q4,111.6,23.18,4.615384615384616,0.2340719153824542,468.1438307649085,374.5150646119269,4,,0.0,0.0,0.0,0.0,0.0,0.0,0.0,0.0,0.0,0.0,0.0,0.0
1983.0,Q1,41.8,20.09,1.981981981981982,0.766210040551308,766.2100405513081,1225.9360648820928,1,,0.0,0.0,0.0,0.0,0.0,0.0,0.0,0.0,0.0,0.0,0.0,0.0
1983.0,Q2,170.5,26.93,6.104547081990691,0.766210040551308,1532.4200811026162,1532.420081102616,2,,0.0,0.0,0.0,0.0,0.0,0.0,0.0,0.0,0.0,0.0,0.0,0.0
1983.0,Q3,988.9,28.12,33.95947802197802,0.766210040551308,3831.05020275654,2145.3881135436623,3,,0.0,0.0,0.0,0.0,0.0,0.0,0.0,0.0,0.0,0.0,0.0,0.0
1983.0,Q4,119.6,22.68,5.050675675675675,0.766210040551308,1532.4200811026162,1225.9360648820928,4,,0.0,0.0,0.0,0.0,0.0,0.0,0.0,0.0,0.0,0.0,0.0,0.0
1984.0,Q1,54.9,19.94,2.621776504297994,0.5143433836353535,514.3433836353535,822.9494138165655,1,,0.0,0.0,0.0,0.0,0.0,0.0,0.0,0.0,0.0,0.0,0.0,0.0
1984.0,Q2,128.5,27.86,4.452529452529452,0.5143433836353535,1028.686767270707,1028.686767270707,2,,0.0,0.0,0.0,0.0,0.0,0.0,0.0,0.0,0.0,0.0,0.0,0.0
1984.0,Q3,885.3000000000001,27.65,30.90052356020943,0.5143433836353535,2571.716918176767,1440.1614741789897,3,,0.0,0.0,0.0,0.0,0.0,0.0,0.0,0.0,0.0,0.0,0.0,0.0
1984.0,Q4,92.0,22.87,3.8542103058232087,0.5143433836353535,1028.686767270707,822.9494138165655,4,,0.0,0.0,0.0,0.0,0.0,0.0,0.0,0.0,0.0,0.0,0.0,0.0
1985.0,Q1,33.1,20.62,1.5309898242368178,0.3743958443750362,374.3958443750363,599.033351000058,1,,0.0,0.0,0.0,0.0,0.0,0.0,0.0,0.0,0.0,0.0,0.0,0.0
1985.0,Q2,122.6,28.01,4.226128921061703,0.3743958443750362,748.7916887500726,748.7916887500725,2,,0.0,0.0,0.0,0.0,0.0,0.0,0.0,0.0,0.0,0.0,0.0,0.0
1985.0,Q3,827.9,27.71,28.836642284918145,0.3743958443750362,1871.979221875181,1048.3083642501017,3,,0.0,0.0,0.0,0.0,0.0,0.0,0.0,0.0,0.0,0.0,0.0,0.0
1985.0,Q4,161.3,22.89,6.75177898702386,0.3743958443750362,748.7916887500726,599.033351000058,4,,0.0,0.0,0.0,0.0,0.0,0.0,0.0,0.0,0.0,0.0,0.0,0.0
1986.0,Q1,52.1,20.26,2.450611476952022,0.3148562746378023,314.8562746378023,503.7700394204837,1,,0.0,0.0,0.0,0.0,0.0,0.0,0.0,0.0,0.0,0.0,0.0,0.0
1986.0,Q2,129.3,27.35,4.560846560846561,0.3148562746378023,629.7125492756046,629.7125492756046,2,,0.0,0.0,0.0,0.0,0.0,0.0,0.0,0.0,0.0,0.0,0.0,0.0
1986.0,Q3,803.4999999999999,27.82,27.879944482997917,0.3148562746378023,1574.2813731890114,881.5975689858464,3,,0.0,0.0,0.0,0.0,0.0,0.0,0.0,0.0,0.0,0.0,0.0,0.0
1986.0,Q4,152.70000000000002,22.96,6.373121869782972,0.3148562746378023,629.7125492756046,503.7700394204837,4,,0.0,0.0,0.0,0.0,0.0,0.0,0.0,0.0,0.0,0.0,0.0,0.0
1987.0,Q1,37.0,20.73,1.7027151403589509,0.1876074958822186,187.6074958822186,300.1719934115498,1,,0.0,0.0,0.0,0.0,0.0,0.0,0.0,0.0,0.0,0.0,0.0,0.0
1987.0,Q2,139.7,27.29,4.938140685754683,0.1876074958822186,375.2149917644372,375.2149917644372,2,,0.0,0.0,0.0,0.0,0.0,0.0,0.0,0.0,0.0,0.0,0.0,0.0
1987.0,Q3,751.4000000000001,28.55,25.428087986463623,0.1876074958822186,938.037479411093,525.3009884702121,3,,0.0,0.0,0.0,0.0,0.0,0.0,0.0,0.0,0.0,0.0,0.0,0.0
1987.0,Q4,160.70000000000002,23.4,6.586065573770493,0.1876074958822186,375.2149917644372,300.1719934115498,4,,0.0,0.0,0.0,0.0,0.0,0.0,0.0,0.0,0.0,0.0,0.0,0.0
1988.0,Q1,39.1,21.15,1.7652370203160272,0.9143548630456324,914.3548630456324,1462.967780873012,1,,0.0,0.0,0.0,0.0,0.0,0.0,0.0,0.0,0.0,0.0,0.0,0.0
1988.0,Q2,165.8,27.72,5.772980501392758,0.9143548630456324,1828.7097260912649,1828.7097260912649,2,,0.0,0.0,0.0,0.0,0.0,0.0,0.0,0.0,0.0,0.0,0.0,0.0
1988.0,Q3,1049.6,27.92,36.29322268326418,0.9143548630456324,4571.774315228162,2560.1936165277702,3,,0.0,0.0,0.0,0.0,0.0,0.0,0.0,0.0,0.0,0.0,0.0,0.0
1988.0,Q4,87.6,23.13,3.630335681723995,0.9143548630456324,1828.7097260912649,1462.967780873012,4,,0.0,0.0,0.0,0.0,0.0,0.0,0.0,0.0,0.0,0.0,0.0,0.0
1989.0,Q1,30.700000000000003,20.08,1.4563567362428844,0.5167704331567713,516.7704331567713,826.8326930508342,1,,0.0,0.0,0.0,0.0,0.0,0.0,0.0,0.0,0.0,0.0,0.0,0.0
1989.0,Q2,120.9,27.28,4.275106082036775,0.5167704331567713,1033.540866313543,1033.540866313543,2,,0.0,0.0,0.0,0.0,0.0,0.0,0.0,0.0,0.0,0.0,0.0,0.0
1989.0,Q3,886.3000000000001,27.66,30.92463363572924,0.5167704331567713,2583.8521657838564,1446.9572128389595,3,,0.0,0.0,0.0,0.0,0.0,0.0,0.0,0.0,0.0,0.0,0.0,0.0
1989.0,Q4,89.4,23.06,3.715710723192021,0.5167704331567713,1033.540866313543,826.8326930508342,4,,0.0,0.0,0.0,0.0,0.0,0.0,0.0,0.0,0.0,0.0,0.0,0.0
1990.0,Q1,60.2,20.87,2.752629172382259,0.7089121040316079,708.9121040316079,1134.2593664505728,1,,0.0,0.0,0.0,0.0,0.0,0.0,0.0,0.0,0.0,0.0,0.0,0.0
1990.0,Q2,210.7,26.9,7.551971326164875,0.7089121040316079,1417.8242080632158,1417.8242080632158,2,,0.0,0.0,0.0,0.0,0.0,0.0,0.0,0.0,0.0,0.0,0.0,0.0
1990.0,Q3,965.2,27.78,33.537178596247394,0.7089121040316079,3544.5605201580397,1984.953891288502,3,,0.0,0.0,0.0,0.0,0.0,0.0,0.0,0.0,0.0,0.0,0.0,0.0
1990.0,Q4,165.29999999999998,23.2,6.830578512396694,0.7089121040316079,1417.8242080632158,1134.2593664505728,4,,0.0,0.0,0.0,0.0,0.0,0.0,0.0,0.0,0.0,0.0,0.0,0.0
1991.0,Q1,42.400000000000006,20.6,1.962962962962963,0.4832716793409838,483.2716793409839,773.2346869455741,1,,0.0,0.0,0.0,0.0,0.0,0.0,0.0,0.0,0.0,0.0,0.0,0.0
1991.0,Q2,148.4,27.52,5.203366058906031,0.4832716793409838,966.5433586819678,966.5433586819676,2,,0.0,0.0,0.0,0.0,0.0,0.0,0.0,0.0,0.0,0.0,0.0,0.0
1991.0,Q3,872.7,28.04,30.051652892561982,0.4832716793409838,2416.3583967049194,1353.1607021547547,3,,0.0,0.0,0.0,0.0,0.0,0.0,0.0,0.0,0.0,0.0,0.0,0.0
1991.0,Q4,106.7,22.93,4.458838278311743,0.4832716793409838,966.5433586819678,773.2346869455741,4,,0.0,0.0,0.0,0.0,0.0,0.0,0.0,0.0,0.0,0.0,0.0,0.0
1992.0,Q1,32.5,20.1,1.5402843601895733,0.4229112643075452,422.91126430754525,676.6580228920724,1,,0.0,0.0,0.0,0.0,0.0,0.0,0.0,0.0,0.0,0.0,0.0,0.0
1992.0,Q2,110.2,27.21,3.9064161644806807,0.4229112643075452,845.8225286150905,845.8225286150904,2,,0.0,0.0,0.0,0.0,0.0,0.0,0.0,0.0,0.0,0.0,0.0,0.0
1992.0,Q3,847.9000000000001,27.98,29.258109040717738,0.4229112643075452,2114.556321537726,1184.1515400611263,3,,0.0,0.0,0.0,0.0,0.0,0.0,0.0,0.0,0.0,0.0,0.0,0.0
1992.0,Q4,111.9,23.08,4.647009966777409,0.4229112643075452,845.8225286150905,676.6580228920724,4,,0.0,0.0,0.0,0.0,0.0,0.0,0.0,0.0,0.0,0.0,0.0,0.0
1993.0,Q1,43.8,20.64,2.0240295748613675,0.5234251178286612,523.4251178286612,837.480188525858,1,,0.0,0.0,0.0,0.0,0.0,0.0,0.0,0.0,0.0,0.0,0.0,0.0
1993.0,Q2,139.89999999999998,27.34,4.936485532815808,0.5234251178286612,1046.8502356573224,1046.8502356573224,2,,0.0,0.0,0.0,0.0,0.0,0.0,0.0,0.0,0.0,0.0,0.0,0.0
1993.0,Q3,889.2,28.08,30.577716643741407,0.5234251178286612,2617.125589143306,1465.5903299202512,3,,0.0,0.0,0.0,0.0,0.0,0.0,0.0,0.0,0.0,0.0,0.0,0.0
1993.0,Q4,134.9,23.29,5.553725813091808,0.5234251178286612,1046.8502356573224,837.480188525858,4,,0.0,0.0,0.0,0.0,0.0,0.0,0.0,0.0,0.0,0.0,0.0,0.0
1994.0,Q1,52.9,20.8,2.426605504587156,0.7626832413854655,762.6832413854655,1220.293186216745,1,,0.0,0.0,0.0,0.0,0.0,0.0,0.0,0.0,0.0,0.0,0.0,0.0
1994.0,Q2,124.2,27.6,4.342657342657342,0.7626832413854655,1525.366482770931,1525.366482770931,2,,0.0,0.0,0.0,0.0,0.0,0.0,0.0,0.0,0.0,0.0,0.0,0.0
1994.0,Q3,987.3,27.84,34.23370319001387,0.7626832413854655,3813.416206927328,2135.5130758793034,3,,0.0,0.0,0.0,0.0,0.0,0.0,0.0,0.0,0.0,0.0,0.0,0.0
1994.0,Q4,130.9,22.98,5.458715596330276,0.7626832413854655,1525.366482770931,1220.293186216745,4,,0.0,0.0,0.0,0.0,0.0,0.0,0.0,0.0,0.0,0.0,0.0,0.0
1995.0,Q1,60.7,20.42,2.833800186741363,0.5854330000128597,585.4330000128597,936.6928000205756,1,,0.0,0.0,0.0,0.0,0.0,0.0,0.0,0.0,0.0,0.0,0.0,0.0
1995.0,Q2,143.10000000000002,27.44,5.031645569620253,0.5854330000128597,1170.8660000257194,1170.8660000257194,2,,0.0,0.0,0.0,0.0,0.0,0.0,0.0,0.0,0.0,0.0,0.0,0.0
1995.0,Q3,914.7,28.18,31.346812885538043,0.5854330000128597,2927.1650000642985,1639.212400036007,3,,0.0,0.0,0.0,0.0,0.0,0.0,0.0,0.0,0.0,0.0,0.0,0.0
1995.0,Q4,124.0,23.23,5.117622781675609,0.5854330000128597,1170.8660000257194,936.6928000205756,4,,0.0,0.0,0.0,0.0,0.0,0.0,0.0,0.0,0.0,0.0,0.0,0.0
1996.0,Q1,46.1,20.77,2.117593017914561,0.5165222612317223,516.5222612317224,826.4356179707556,1,,0.0,0.0,7.595003128051758,10.338341580904448,0.0,1.4679723409505991,0.0,0.0,25531875.0,4472000.0,0.0,24412827.0
1996.0,Q2,119.5,27.67,4.168119986048134,0.5165222612317223,1033.0445224634448,1033.0445224634443,2,,0.0,0.0,8.888048201340895,12.379624176025391,0.0,1.6362288640095637,0.0,0.0,8375625.0,8616000.0,0.0,22127751.0
1996.0,Q3,886.3000000000001,27.91,30.65721203735732,0.5165222612317223,2582.611306158612,1446.2623314488224,3,,0.0,0.0,9.151151830499822,11.928771394671816,0.0,1.5693288897023057,0.0,0.0,43931250.0,18528000.0,0.0,18061097.0
1996.0,Q4,131.0,22.94,5.472013366750208,0.5165222612317223,1033.0445224634448,826.4356179707556,4,,0.0,0.0,9.317118081179531,8.47301814772866,0.0,1.2810853918393452,0.0,0.0,15180000.0,13804000.0,0.0,36083490.0
1997.0,Q1,24.700000000000003,20.2,1.1650943396226416,0.4680929205690537,468.0929205690538,748.948672910486,1,,0.0,0.0,12.135285750031471,8.154551915824413,0.0,1.5005096439272163,0.0,0.0,21153750.0,63820000.0,0.0,23664050.0
1997.0,Q2,124.9,27.23,4.424371236273468,0.4680929205690537,936.1858411381075,936.1858411381075,2,,0.0,0.0,14.833761273897611,9.559868827232949,0.0,1.542038917541504,0.0,0.0,22190625.0,66626000.0,0.0,13142383.0
1997.0,Q3,866.4999999999999,28.13,29.745966357706827,0.4680929205690537,2340.464602845269,1310.6601775933505,3,,0.0,0.0,16.42794961640329,12.576696381424412,0.0,1.7573652520324246,0.0,0.0,24221250.0,104694000.0,0.0,53460371.0
1997.0,Q4,167.0,23.22,6.895127993393889,0.4680929205690537,936.1858411381075,748.948672910486,4,,0.0,0.0,14.229598435488612,13.45160081169822,0.0,1.6351050156535525,0.0,0.0,7899375.0,86400000.0,0.0,25781291.0
1998.0,Q1,44.6,20.83,2.043060009161704,0.5071457530233816,507.1457530233816,811.4332048374106,1,,0.0,0.0,13.245245322585106,15.089911982417108,0.0,1.4223540239036083,0.0,0.0,10198125.0,66908000.0,0.0,31926458.0
1998.0,Q2,124.6,27.82,4.323386537126996,0.5071457530233816,1014.2915060467632,1014.2915060467632,2,,0.0,0.0,16.93386774796706,18.769679641723634,0.0,1.825647889650785,0.0,0.0,26056875.0,109746000.0,0.0,165583886.0
1998.0,Q3,882.5999999999999,28.31,30.11258955987717,0.5071457530233816,2535.728765116908,1420.0081084654685,3,,0.0,0.0,18.09475579406276,20.39735730489095,0.0,2.0024139790823967,0.0,0.0,25884375.0,545702000.0,0.0,90847779.0
1998.0,Q4,157.0,23.43,6.426524764633648,0.5071457530233816,1014.2915060467632,811.4332048374106,4,,0.0,0.0,19.29361594807018,19.64140166658344,0.0,1.96250308824308,0.0,0.0,20823750.0,390902000.0,0.0,70695245.0
1999.0,Q1,24.9,20.81,1.141678129298487,0.3739910747446146,373.99107474461465,598.3857195913835,1,,0.0,0.0,25.594185262918472,27.51227381825447,0.0,2.055699404329061,0.0,0.0,31263187.0,246178760.0,0.0,294051496.0
1999.0,Q2,123.0,27.81,4.269350919819507,0.3739910747446146,747.9821494892293,747.9821494892293,2,,0.0,0.0,30.82513677156889,35.60757185129019,0.0,2.971514734855065,0.0,0.0,15643786.0,120637320.0,0.0,249369915.0
1999.0,Q3,827.8,27.92,28.6237897648686,0.3739910747446146,1869.955373723073,1047.1750092849209,3,,0.0,0.0,56.67203611316103,46.80436538927483,0.0,4.395175702644117,0.0,0.0,43877876.0,124164080.0,0.0,328818173.0
1999.0,Q4,140.89999999999998,23.37,5.781698810012309,0.3739910747446146,747.9821494892293,598.3857195913835,4,,0.0,0.0,95.02917168357156,54.9121980378122,0.0,9.023046060041947,0.0,0.0,59200961.0,92838400.0,0.0,227917726.0
2000.0,Q1,46.6,20.53,2.164421737111008,0.3016788750189763,301.6788750189764,482.68620003036216,1,,0.0,0.0,76.9966793353741,63.98139243492713,0.0,13.179835466238169,0.0,0.0,39384872.0,91416880.0,0.0,215527802.0
2000.0,Q2,124.2,27.63,4.338106880894166,0.3016788750189763,603.3577500379528,603.3577500379527,2,,0.0,0.0,59.90619612473708,57.592760467529295,0.0,9.26460935152494,0.0,0.0,41720647.0,92228320.0,0.0,101941533.0
2000.0,Q3,798.1,27.85,27.66377816291161,0.3016788750189763,1508.3943750948818,844.7008500531336,3,,0.0,0.0,51.50244263869065,53.574094977745645,0.0,10.793140484736517,0.0,0.0,65342233.0,117391000.0,0.0,141234425.0
2000.0,Q4,66.5,23.65,2.697768762677485,0.3016788750189763,603.3577500379528,482.68620003036216,4,,0.0,0.0,62.15769377488356,58.77976273756761,0.0,9.818801403045654,0.0,0.0,131006059.0,167713240.0,0.0,158212395.0
2001.0,Q1,16.1,20.78,0.7392102846648302,0.3608352386002255,360.8352386002255,577.3363817603607,1,,0.0,0.0,71.46516142625075,55.99521431556115,0.0,10.78039041665884,0.0,0.0,93929709.0,108191240.0,0.0,92817593.0
2001.0,Q2,129.7,27.73,4.514444831186912,0.3608352386002255,721.6704772004509,721.6704772004509,2,,0.0,0.0,72.06760341937725,54.59326130793645,0.0,10.939228263268104,0.0,0.0,54715808.0,130048360.0,0.0,55075792.0
2001.0,Q3,822.4,27.92,28.43706777316736,0.3608352386002255,1804.1761930011276,1010.3386680806312,3,,0.0,0.0,76.10993147629958,74.87154106727013,5.672352917989096,10.598086195725662,0.0,0.0,83850357.0,293714900.0,1248480.0,59803229.0
2001.0,Q4,137.1,23.61,5.570906135717188,0.3608352386002255,721.6704772004509,577.3363817603607,4,,0.0,0.0,74.21434610540217,86.46020750565962,6.929959065986402,10.98373676068855,0.0,0.0,76632335.0,317320290.0,39898520.0,54547260.0
2002.0,Q1,36.0,20.74,1.655933762649494,0.1599881815299662,159.98818152996628,255.9810904479461,1,,0.0,0.0,72.38118171691895,85.98304188251495,9.065644718706608,12.258729562163351,0.0,0.0,39488370.0,117937680.0,147724280.0,53761079.0
2002.0,Q2,123.1,28.02,4.241902136457616,0.1599881815299662,319.97636305993257,319.97636305993257,2,,0.0,0.0,68.17484547541692,86.27329535851112,10.396787980886604,11.851455307006836,0.0,0.0,34237305.0,61283120.0,102329060.0,31960055.0
2002.0,Q3,740.0,28.17,25.36852931093589,0.1599881815299662,799.9409076498314,447.9669082839056,3,,44.80318803498239,0.0,63.22848655238296,76.60371121493253,9.035105163400823,10.959007451028535,17432134.0,0.0,24769333.0,77436640.0,36385080.0,18120170.0
2002.0,Q4,82.8,23.57,3.36996336996337,0.1599881815299662,319.97636305993257,255.9810904479461,4,,43.19930463848692,0.0,60.358693556352094,66.7594318967877,8.96169502807386,10.988120368032744,10555046.0,0.0,30118437.0,150996330.0,70868140.0,34323327.0
2003.0,Q1,53.2,20.71,2.4504836480884387,0.6663762636932985,666.3762636932985,1066.2020219092776,1,,43.79137349128723,9.963403791189194,54.77595537900925,78.29216742515564,12.577514588832855,11.151641055941582,15543362.0,45627860.0,34731333.0,86739470.0,231164750.0,33225905.0
2003.0,Q2,107.79999999999998,27.83,3.7391605966007626,0.6663762636932985,1332.752527386597,1332.752527386597,2,,45.02380192279816,11.638442795093242,46.45486358495859,78.74055111408234,15.341134548187256,11.771514217670148,17469362.0,71109820.0,53858224.0,83825060.0,314446280.0,38028646.0
2003.0,Q3,947.9,28.1,32.57388316151202,0.6663762636932985,3331.8813184664923,1865.853538341236,3,,64.22497512354995,19.33254106117017,60.540916963057086,95.82648664532286,34.34589125893333,16.960290258580986,25837280.0,350146080.0,125880149.0,157873260.0,631144300.0,90119371.0
2003.0,Q4,134.7,23.33,5.536374845869297,0.6663762636932985,1332.752527386597,1066.2020219092776,4,,71.91894034183386,29.84303685390588,77.8860072222623,109.7578793150006,26.841181379376035,22.68940494999741,22274008.0,234473370.0,106004737.0,165788640.0,28418480.0,81949011.0
2004.0,Q1,34.5,20.76,1.5854779411764706,0.2431100713933186,243.1100713933187,388.9761142293098,1,,72.89451563908504,33.26499757033128,84.2119371854342,105.21189598670372,30.425215794489933,25.1907049032358,17582334.0,77497760.0,72325484.0,152747880.0,15465880.0,80594469.0
2004.0,Q2,159.3,28.1,5.474226804123711,0.2431100713933186,486.2201427866374,486.2201427866373,2,,90.26628863811491,32.33384209871292,86.49069249079777,73.94463896751404,62.74052333831787,29.106757472111628,18496844.0,50109370.0,64299804.0,145240360.0,44949180.0,87891599.0
2004.0,Q3,774.1,28.02,26.674707098552723,0.2431100713933186,1215.5503569665934,680.7081999012922,3,,94.3529870004365,29.778619303847805,85.01690662268436,64.35234012025775,56.589770288178414,29.92173350941051,12673574.0,38248270.0,68981082.0,144987660.0,34969480.0,101350145.0
2004.0,Q4,112.6,23.3,4.633744855967078,0.2431100713933186,486.2201427866374,388.9761142293098,4,,106.14187997671274,29.684495074932396,98.76783259465144,68.9893567598783,57.42530652559721,38.07341147914077,17988010.0,48694470.0,105510901.0,126726100.0,34767550.0,85956291.0
2005.0,Q1,69.9,20.8,3.206422018348624,0.4869868722762544,486.9868722762544,779.1789956420071,1,,130.50629687700115,26.02951196764336,94.70529299876728,64.68033393484647,50.30640386362545,38.58110246501985,30329850.0,65748610.0,142842301.0,123367030.0,19834780.0,81353986.0
2005.0,Q2,126.3,27.7,4.400696864111499,0.4869868722762544,973.9737445525088,973.9737445525088,2,,146.96260976791382,25.645900398492813,95.35846638679504,61.2992707490921,53.761899054050446,41.16436398029328,12036538.0,68825440.0,100002155.0,112634180.0,43113380.0,54147894.0
2005.0,Q3,874.3,28.25,29.890598290598287,0.4869868722762544,2434.934361381272,1363.5632423735124,3,,172.6566162109375,30.32858768105507,119.77211272716522,74.24761402606964,64.69758331775665,50.07081353664398,18023916.0,114266350.0,70058026.0,87324940.0,55704850.0,66034710.0
2005.0,Q4,137.7,23.1,5.7136929460580905,0.4869868722762544,973.9737445525088,779.1789956420071,4,,197.879448812516,31.14681053161621,139.0218689715276,79.79977592093046,65.28375100307777,52.284706115722656,8335332.0,79900170.0,90421392.0,145284810.0,29292890.0,65167218.0
2006.0,Q1,29.6,21.39,1.3220187583742742,0.5237252860169266,523.7252860169266,837.9604576270826,1,,232.0151799936764,48.73062996786149,183.57047709480665,107.46181112820985,78.19182649205942,60.55888204105565,10404924.0,258212950.0,160244608.0,206727210.0,27353670.0,111230542.0
2006.0,Q2,143.3,27.69,4.99477169745556,0.5237252860169266,1047.4505720338532,1047.4505720338532,2,,199.15576246918224,53.18969376360784,211.8643771312276,124.47668419509638,92.14849403256277,65.91951245167216,6541006.0,85404300.0,202092860.0,218920970.0,36204570.0,125525128.0
2006.0,Q3,889.3000000000001,28.02,30.64438318401103,0.5237252860169266,2618.626430084633,1466.4308008473945,3,,189.54248023033145,53.0225812792778,210.74067401885983,123.80708575248718,82.98436069488525,67.99569886922836,4872920.0,46514410.0,102289278.0,158417675.0,19859325.0,89560318.0
2006.0,Q4,99.5,23.59,4.046360309068727,0.5237252860169266,1047.4505720338532,837.9604576270826,4,,207.2943893182473,54.282120751552895,226.2943497954822,133.03457879238442,93.05436431384476,76.91035061195248,5892776.0,79572320.0,52973149.0,193552695.0,17232815.0,117455666.0
2007.0,Q1,38.400000000000006,20.92,1.7518248175182485,0.6541869800518707,654.1869800518707,1046.699168082993,1,,208.7893096923828,59.305891545613605,214.7799736022949,128.11224428812662,104.7137887318929,81.60190976460775,6146692.0,52099490.0,46024871.0,178509170.0,33968400.0,136040725.0
2007.0,Q2,112.6,27.84,3.904299583911235,0.6541869800518707,1308.3739601037414,1308.3739601037414,2,,226.01234903643208,61.42113956328361,191.8499268562563,118.85850278792844,121.6535893101846,90.93621900004726,2287730.0,86316400.0,109338980.0,195510480.0,83589940.0,146413586.0
2007.0,Q3,942.9,28.11,32.390930951563035,0.6541869800518707,3270.934900259353,1831.7235441452376,3,,221.9224965572357,55.8605455160141,165.36913132667542,114.59976649284364,112.32702922821044,84.17476034164429,4184026.0,83166030.0,142808501.0,95002735.0,57837755.0,127389750.0
2007.0,Q4,85.4,23.42,3.4971334971334973,0.6541869800518707,1308.3739601037414,1046.699168082993,4,,219.0141594179215,47.080311313752205,169.4384517054404,113.6976584157636,102.95504699214813,93.6970935944588,5670668.0,76233120.0,96384879.0,132332795.0,40120760.0,112310050.0
2008.0,Q1,37.7,20.26,1.773283160865475,0.496113687602384,496.11368760238406,793.7819001638145,1,,225.363895785424,30.155041633113736,177.82614061909337,103.52670558806388,96.0317862726027,100.64595425513482,5895380.0,156934460.0,74209724.0,99531685.0,37393725.0,158193630.0
2008.0,Q2,114.4,27.7,3.986062717770035,0.496113687602384,992.227375204768,992.227375204768,2,,225.93513288654265,27.1678686923668,190.48721463563007,115.2420154008709,108.89104449162718,120.33228702232486,2200566.0,120276220.0,64741242.0,116273375.0,63237475.0,193918220.0
2008.0,Q3,877.9,27.85,30.429809358752163,0.496113687602384,2480.56843801192,1389.1183252866754,3,,217.9804880619049,25.904952973127365,202.13264656066892,105.7419319152832,129.92366635799408,125.35115706920624,10910530.0,54919460.0,76467091.0,133640200.0,34529495.0,163327970.0
2008.0,Q4,88.1,23.85,3.5452716297786715,0.496113687602384,992.227375204768,793.7819001638145,4,,187.65328979492188,13.343437906038965,169.30744494422007,79.71292411674888,111.89615178512317,103.25268024509236,14370634.0,119548320.0,83839210.0,134533785.0,41842160.0,246127920.0
2009.0,Q1,24.0,21.59,1.0624169986719787,0.0583633273844315,58.36332738443159,93.38132381509054,1,,185.36372796420395,13.708155862216293,174.3273873164736,77.23192096578664,109.49968456399851,93.31623629865976,2871328.0,95540940.0,69264718.0,121436705.0,26791870.0,189188570.0
2009.0,Q2,95.3,28.12,3.272664835164835,0.0583633273844315,116.72665476886316,116.72665476886316,2,,210.2009028116862,30.067877578735352,212.38557942708331,111.12381235758464,141.19031448364257,110.89009068806966,8330448.0,122726030.0,102414714.0,136617450.0,42674415.0,252643590.0
2009.0,Q3,698.3,28.55,23.63113367174281,0.0583633273844315,291.8166369221579,163.41731667640843,3,,252.44668865203855,55.26956915855408,243.07694959640503,145.4193468093872,176.79312372207642,106.74659371376038,6544414.0,124032810.0,100672592.0,135472420.0,52695535.0,200229190.0
2009.0,Q4,136.20000000000002,23.61,5.534335635920359,0.0583633273844315,116.72665476886316,93.38132381509054,4,,256.1390500928535,75.22285561483415,284.4809245125192,191.56354585241095,244.7285919189453,127.9095606569384,6635576.0,124436110.0,119981953.0,156694055.0,75844435.0,132971920.0
2010.0,Q1,24.5,21.09,1.1090991398822998,0.5768895808552216,576.8895808552215,923.0233293683546,1,,322.9526149943724,82.83637858245332,295.4335471977622,210.6562701726364,277.7451314117949,140.29509722176246,7116800.0,115999010.0,68545034.0,120113820.0,55612915.0,105371160.0
2010.0,Q2,126.8,28.89,4.242221478755436,0.5768895808552216,1153.779161710443,1153.779161710443,2,,348.8509608677455,80.23483155265687,299.03638034396704,236.30943104577443,324.853263733879,149.4402044387091,5898502.0,84995480.0,81152659.0,147751025.0,49134070.0,138910770.0
2010.0,Q3,911.2,28.2,31.2054794520548,0.5768895808552216,2884.447904276108,1615.29082639462,3,,375.8908663236178,90.38211094782902,290.50431049053486,253.50890455979567,346.6024676983173,159.38490224984977,5965335.0,147855280.0,78249251.0,147593625.0,53477760.0,125806470.0
2010.0,Q4,153.1,23.58,6.228641171684297,0.5768895808552216,1153.779161710443,923.0233293683546,4,,465.6847669813368,112.24766334654792,318.6991233220176,306.591059609065,419.1050729902964,198.59822155180436,7550007.0,102242320.0,111113179.0,125125855.0,82179291.0,97932600.0
2011.0,Q1,32.6,20.52,1.5148698884758365,0.5529164462706263,552.9164462706264,884.6663140330022,1,,442.1139674032888,101.58294074766096,293.6757187381868,286.9914757513231,388.1808658722909,199.7088928222656,4486299.0,244169920.0,83604611.0,98361330.0,54886724.0,128713454.0
2011.0,Q2,116.6,27.67,4.066968957098012,0.5529164462706263,1105.8328925412527,1105.8328925412527,2,,450.8199979720577,83.95629107567572,291.89440425749746,288.4240958921371,397.89896417433215,205.53542254048008,3362371.0,140324936.0,67929738.0,87437765.0,57002502.0,110564120.0
2011.0,Q3,901.3,28.06,31.015141087405368,0.5529164462706263,2764.582231353132,1548.1660495577537,3,,488.9510207403274,69.08133261544364,274.3471253410218,276.3478747171069,426.750492156498,221.11021423339844,5042469.0,155646442.0,73317405.0,117876225.0,58018157.0,123601434.0
2011.0,Q4,65.8,23.71,2.6628895184135977,0.5529164462706263,1105.8328925412527,884.6663140330022,4,,521.8025507522842,48.27034533225884,282.97889218087926,284.9662460068525,422.37291911496953,225.1545185153767,17436622.0,141471116.0,83998715.0,96850275.0,47277996.0,99817904.0
2012.0,Q1,39.2,20.36,1.835205992509364,0.3642535179175371,364.2535179175372,582.8056286680594,1,,570.6800517420614,50.77767575171686,298.8221150059854,300.8588163314327,440.4172914566532,246.00382208055063,12757095.0,172554518.0,94889965.0,107800420.0,42746183.0,120114762.0
2012.0,Q2,90.5,27.82,3.140180430256766,0.3642535179175371,728.5070358350744,728.5070358350742,2,,594.6427947013609,52.51912055477019,287.43021023658014,305.44554581180694,497.9615247172694,265.49691797071887,6760659.0,157668762.0,74760757.0,92771445.0,40141651.0,77791180.0
2012.0,Q3,823.9,28.26,28.157894736842103,0.3642535179175371,1821.2675895876855,1019.9098501691038,3,,608.8499096285913,53.440360038511216,324.62362572454634,305.1845245361328,537.4352554813509,297.30912633096017,9389729.0,166166092.0,107533625.0,110652550.0,54389254.0,104905574.0
2012.0,Q4,101.1,23.33,4.155363748458694,0.3642535179175371,728.5070358350744,582.8056286680594,4,,759.3761927717823,80.70346276234773,360.35768618826137,324.9605645648504,543.4863395044359,322.31566348318324,24754330.0,271761840.0,105652287.0,92509110.0,47298882.0,96769130.0
2013.0,Q1,51.400000000000006,20.93,2.343821249430005,0.6403934471614072,640.3934471614073,1024.6295154582515,1,,771.8191479098413,82.63241866327101,365.2852153162802,340.2284353933027,558.5533870573967,351.1627438452936,9394264.0,246869828.0,112550386.0,112116820.0,44397474.0,112131542.0
2013.0,Q2,103.9,28.04,3.577823691460055,0.6403934471614072,1280.7868943228143,1280.7868943228143,2,,872.7798589891003,83.72056751866495,364.65113682900704,373.77178315193424,676.8649459346648,434.5160635671308,26016579.0,279023446.0,89988709.0,115739370.0,64165988.0,142333646.0
2013.0,Q3,937.2,28.03,32.28384429900103,0.6403934471614072,3201.967235807036,1793.1016520519402,3,,881.7061767578125,84.69465092250279,382.9701218377976,418.3897075350322,786.141345796131,492.4729468936012,13084698.0,276937652.0,80878930.0,106594310.0,73990520.0,126752897.0
2013.0,Q4,150.1,23.36,6.161740558292283,0.6403934471614072,1280.7868943228143,1024.6295154582515,4,,835.1755811347336,129.55702634717596,377.8611825411437,451.1469976706583,826.7878638095543,544.9447621830175,10490914.0,451744404.0,74889507.0,79075830.0,37012299.0,104321044.0
2014.0,Q1,46.6,20.53,2.164421737111008,0.2623215749302517,262.32157493025176,419.7145198884028,1,,874.539534045804,221.6833769275296,367.1893640333606,492.8127825337072,872.9424408943422,546.217776390814,7898702.0,595960896.0,95371210.0,106367600.0,33485608.0,137378008.0
2014.0,Q2,131.2,27.62,4.584206848357791,0.2623215749302517,524.6431498605035,524.6431498605035,2,,894.0540801501664,293.39487444768184,371.6420933457672,463.2682355036501,908.7791347816342,562.1048093701972,10659400.0,278282162.0,99329340.0,159339710.0,33292276.0,169671329.0
2014.0,Q3,782.1,28.57,26.44910382144065,0.2623215749302517,1311.6078746512587,734.5004098047049,3,,1050.8563678075398,370.1383017888145,467.8311055501302,532.8016120062935,1144.9486558702256,722.9253142826141,12722997.0,227320894.0,116665976.0,103466215.0,31189407.0,146454946.0
2014.0,Q4,85.30000000000001,23.54,3.4759576202119,0.2623215749302517,524.6431498605035,419.7145198884028,4,,1086.7757221090385,497.47271886365166,583.6484943258351,607.702648294383,1329.3062638907595,765.8351229963631,8734599.0,147600742.0,98229787.0,93956670.0,29088663.0,125327785.0
2015.0,Q1,242.43149999999994,24.841849999999976,8.63672516714364,0.26988301237487566,709.3880871646262,511.20379406268285,1,8061.0,1246.667472464139,538.3031010862256,632.225872102331,614.2660482437884,1566.5076243916496,854.7263793945312,12848349.0,154422368.0,98702660.0,104029950.0,52829498.0,125955740.0
2015.0,Q2,242.43149999999994,24.841849999999976,8.63672516714364,0.26988301237487566,709.3880871646262,511.20379406268285,2,8062.0,1209.8923559970542,632.242395619877,607.4297045097976,650.4821347095927,1691.8647901191086,864.952874855917,14886007.0,173336442.0,115494607.0,93982475.0,114070780.0,547826375.0
2015.0,Q3,242.43149999999994,24.841849999999976,8.63672516714364,0.26988301237487566,709.3880871646262,511.20379406268285,3,8063.0,1303.0465621948242,702.8542709350586,626.9093914031982,748.9810085296631,1727.5550708770752,800.3043642044067,13653228.0,127172524.0,124109811.0,122813675.0,82102666.0,254235007.0
2015.0,Q4,242.43149999999994,24.841849999999976,8.63672516714364,0.26988301237487566,709.3880871646262,511.20379406268285,4,8064.0,1339.208681233724,777.9416371663411,614.2746195475261,673.6909393310547,1785.305301920573,745.8938751220703,11870227.0,90838258.0,83221366.0,232771085.0,55787327.0,244064202.0
2016.0,Q1,242.43149999999994,24.841849999999976,8.63672516714364,0.26988301237487566,709.3880871646262,511.20379406268285,1,8065.0,1365.488429335297,706.0779929239242,522.9071870397349,565.8069247886783,1626.1680267834272,764.9414172563396,13567770.0,164005765.0,122301319.0,136809145.0,110926820.0,174672821.0
2016.0,Q2,242.43149999999994,24.841849999999976,8.63672516714364,0.26988301237487566,709.3880871646262,511.20379406268285,2,8066.0,1297.654456353957,725.4464593702747,471.74339245211695,574.3641180223034,1436.1851905084425,721.8173650926159,13182512.0,99376014.0,116388869.0,113627340.0,86068735.0,201562795.0
2016.0,Q3,242.43149999999994,24.841849999999976,8.63672516714364,0.26988301237487566,709.3880871646262,511.20379406268285,3,8067.0,1314.9825321320563,744.579838906565,516.6192558042464,602.0320385348413,1510.8052112210182,724.2607047788558,11621605.0,123133654.0,108899000.0,119969840.0,71536794.0,182872742.0
2016.0,Q4,242.43149999999994,24.841849999999976,8.63672516714364,0.26988301237487566,709.3880871646262,511.20379406268285,4,8068.0,1214.6453977491035,714.535346359503,534.2955862576845,591.4151291143698,1405.779677094006,638.1420728339524,10646802.0,137631867.0,75568326.0,85098050.0,57756187.0,276222397.0
2017.0,Q1,242.43149999999994,24.841849999999976,8.63672516714364,0.26988301237487566,709.3880871646262,511.20379406268285,1,8069.0,1185.5294346963203,650.3449037613407,551.7535400390625,545.2708863289125,1398.931396484375,612.321534187563,25850501.0,131346634.0,67397591.0,136761880.0,54018007.0,203978429.0
2017.0,Q2,242.43149999999994,24.841849999999976,8.63672516714364,0.26988301237487566,709.3880871646262,511.20379406268285,2,8070.0,1207.7503261878842,588.9729214027279,518.9306430503971,492.0906302029969,1186.4205682473105,552.41497902792,30319407.0,199054770.0,79558067.0,105776010.0,94273385.0,307446597.0
2017.0,Q3,242.43149999999994,24.841849999999976,8.63672516714364,0.26988301237487566,709.3880871646262,511.20379406268285,3,8071.0,1128.9217616489957,691.2598605685764,531.00488523453,443.6828380766369,981.3665170820932,475.8847961425781,21952676.0,170583154.0,77163625.0,271029390.0,121762442.0,304297032.0
2017.0,Q4,242.43149999999994,24.841849999999976,8.63672516714364,0.26988301237487566,709.3880871646262,511.20379406268285,4,8072.0,1070.1987009356098,685.9915417086694,570.2016325919859,443.605726672757,876.5635070800781,494.16448826943673,33659122.0,146656422.0,91625083.0,169903680.0,138408164.0,287570126.0
2018.0,Q1,242.43149999999994,24.841849999999976,8.63672516714364,0.26988301237487566,709.3880871646262,511.20379406268285,1,8073.0,1115.9790181477863,586.9469309488933,557.6304351806641,427.9735244750976,800.7004089355469,512.1872146606445,22508949.0,156551922.0,97020113.0,182954945.0,96369516.0,396003655.0
2018.0,Q2,242.43149999999994,24.841849999999976,8.63672516714364,0.26988301237487566,709.3880871646262,511.20379406268285,2,8074.0,1011.812912940979,574.6868295669556,540.119059085846,398.8388915061951,768.8137159347534,475.1755828857422,25349341.0,142971943.0,164806800.0,255827495.0,149336656.0,393551740.0
2018.0,Q3,242.43149999999994,24.841849999999976,8.63672516714364,0.26988301237487566,709.3880871646262,511.20379406268285,3,8075.0,1029.2932979396132,634.1727024766266,606.8630691278177,447.819179347304,842.8464695664703,556.5523141329405,60691780.0,233727621.0,157892249.0,301000695.0,218944330.0,415924954.0
2018.0,Q4,242.43149999999994,24.841849999999976,8.63672516714364,0.26988301237487566,709.3880871646262,511.20379406268285,4,8076.0,1155.3759905705683,730.9534541896132,534.9227935290727,485.4196562219839,824.1901285140241,482.3733805672067,37208432.0,178060061.0,158943829.0,276560225.0,120544197.0,664877544.0
2019.0,Q1,242.43149999999994,24.841849999999976,8.63672516714364,0.26988301237487566,709.3880871646262,511.20379406268285,1,8077.0,1198.3498453776042,725.1803914388021,499.1666514078776,507.5888946533203,777.8001566569011,408.38701680501305,51726328.0,128858288.0,122208862.0,295018865.0,109224123.0,600462598.0
2019.0,Q2,242.43149999999994,24.841849999999976,8.63672516714364,0.26988301237487566,709.3880871646262,511.20379406268285,2,8078.0,1231.6560770670574,680.4024058024089,525.0441218058269,520.4369232177735,752.1679504394531,396.8600209554036,36347876.0,170214389.0,143395255.0,208188235.0,113849888.0,381775029.0
2019.0,Q3,242.43149999999994,24.841849999999976,8.63672516714364,0.26988301237487566,709.3880871646262,511.20379406268285,3,8079.0,1375.9084846742692,569.0077622936618,473.295912219632,505.6394417055192,725.1563002063382,388.98971606839086,44931954.0,158850821.0,124295633.0,195137145.0,81535286.0,478800099.0
2019.0,Q4,242.43149999999994,24.841849999999976,8.63672516714364,0.26988301237487566,709.3880871646262,511.20379406268285,4,8080.0,1408.410138239626,442.10153398357454,437.6083959360592,541.6861657314613,724.3601384397413,396.02190311619495,43324150.0,288841661.0,205134473.0,170648195.0,90708929.0,356426059.0
2020.0,Q1,242.43149999999994,24.841849999999976,8.63672516714364,0.26988301237487566,709.3880871646262,511.20379406268285,1,8081.0,1541.2941061352926,453.03321523515007,419.0478791736421,583.8397841680618,666.6456473214286,382.5455351329985,61203061.0,329043355.0,236992227.0,272190965.0,126170919.0,449390468.0
2020.0,Q2,242.43149999999994,24.841849999999976,8.63672516714364,0.26988301237487566,709.3880871646262,511.20379406268285,2,8082.0,1322.7800251588983,652.0009693210408,583.8637783244504,748.9437090340307,830.9191046246027,439.3349878343485,65206326.0,475444113.0,563821422.0,373738000.0,243689316.0,841692225.0
2020.0,Q3,242.43149999999994,24.841849999999976,8.63672516714364,0.26988301237487566,709.3880871646262,511.20379406268285,3,8083.0,1621.8343968246922,801.3862184466738,690.4535013834635,856.2490937204072,912.2021447383996,478.73311591870856,82676575.0,277279079.0,568842006.0,705149740.0,279463655.0,687713069.0
2020.0,Q4,242.43149999999994,24.841849999999976,8.63672516714364,0.26988301237487566,709.3880871646262,511.20379406268285,4,8084.0,2233.1365579272074,814.6650787837922,743.0419127449156,968.3153027731274,928.4099547371032,494.9514450799851,96699646.0,216855004.0,468284814.0,515621580.0,223112770.0,620316621.0
2021.0,Q1,242.43149999999994,24.841849999999976,8.63672516714364,0.26988301237487566,709.3880871646262,511.20379406268285,1,8085.0,2769.7905673668038,876.1416655993852,786.9466212538422,917.1775072441726,1014.6405759717596,573.3572797931608,70217332.0,173869519.0,273331350.0,335362315.0,161784952.0,469485265.0
2021.0,Q2,242.43149999999994,24.841849999999976,8.63672516714364,0.26988301237487566,709.3880871646262,511.20379406268285,2,8086.0,3185.482417872695,945.4109136862832,888.9565579773949,1001.2559284147668,1117.436776583312,632.8178460793417,54954665.0,158729066.0,393632481.0,320748355.0,162147534.0,435181637.0
2021.0,Q3,242.43149999999994,24.841849999999976,8.63672516714364,0.26988301237487566,709.3880871646262,511.20379406268285,3,8087.0,4304.3859630766365,803.668929811508,909.9068429129464,964.4366280691964,1020.1013173905628,713.6953018430679,59715230.0,195910160.0,152272226.0,200706835.0,107756123.0,290276513.0
2021.0,Q4,242.43149999999994,24.841849999999976,8.63672516714364,0.26988301237487566,709.3880871646262,511.20379406268285,4,8088.0,4772.870954241072,676.9423024011037,884.4057035900298,921.3142157660592,898.8170272584946,759.4368596152653,51785243.0,142204865.0,156856064.0,124027815.0,85404785.0,240166878.0
2022.0,Q1,242.43149999999994,24.841849999999976,8.63672516714364,0.26988301237487566,709.3880871646262,511.20379406268285,1,8089.0,4637.4410380379095,648.9779102763191,923.2314383084656,837.8474531330046,804.2666485895876,826.4592625352203,54589792.0,149225350.0,171589644.0,172866860.0,93351082.0,221862085.0
2022.0,Q2,242.43149999999994,24.841849999999976,8.63672516714364,0.26988301237487566,709.3880871646262,511.20379406268285,2,8090.0,3967.2279564642135,572.0821730090726,938.00679655998,819.8441713394657,665.9200193343625,846.4690285959551,45317687.0,125018133.0,116284529.0,135334280.0,76337373.0,188257631.0
2022.0,Q3,242.43149999999994,24.841849999999976,8.63672516714364,0.26988301237487566,709.3880871646262,511.20379406268285,3,8091.0,4178.125840928819,538.3659779382131,986.5216442289808,836.5023338681176,645.9521494063121,856.0295884874132,35461039.0,82440416.0,99826460.0,140499735.0,79059617.0,183852261.0
2022.0,Q4,242.43149999999994,24.841849999999976,8.63672516714364,0.26988301237487566,709.3880871646262,511.20379406268285,4,8092.0,4487.223569808468,481.5592464323967,1089.7018412928428,862.9600465836063,715.5666356240549,967.2305888514364,32018886.0,104077109.0,94811930.0,139454940.0,86437083.0,155347414.0
2023.0,Q1,242.43149999999994,24.841849999999976,8.63672516714364,0.26988301237487566,709.3880871646262,511.20379406268285,1,8093.0,4326.659856980847,449.989511797505,954.586935720136,861.8187659478957,691.0662349577873,965.6902081889492,25067738.0,112887276.0,113948402.0,95309210.0,54684167.0,133002671.0
2023.0,Q2,242.43149999999994,24.841849999999976,8.63672516714364,0.26988301237487566,709.3880871646262,511.20379406268285,2,8094.0,4628.7615234375,621.5759063720703,920.601518758138,931.2831013997396,755.6964772542318,953.7942952473958,29645887.0,113030971.0,122701238.0,124890055.0,71504987.0,155132945.0
2023.0,Q3,242.43149999999994,24.841849999999976,8.63672516714364,0.26988301237487566,709.3880871646262,511.20379406268285,3,8095.0,5007.513144841269,820.0281527080233,1142.8756936693949,1097.4620961991568,1033.7227841331846,1088.775078667535,28593996.0,126415986.0,120712553.0,154721805.0,72854040.0,146889259.0
2023.0,Q4,242.43149999999994,24.841849999999976,8.63672516714364,0.26988301237487566,709.3880871646262,511.20379406268285,4,8096.0,5239.938712565104,959.2701446533204,1184.690743001302,1098.1346435546875,1197.6090576171875,1153.5022501627604,26895939.0,126373950.0,104991736.0,132702595.0,71660156.0,109961279.0
2024.0,Q1,242.43149999999994,24.841849999999976,8.63672516714364,0.26988301237487566,709.3880871646262,511.20379406268285,1,8097.0,6165.829166666666,1061.3585418701173,1382.3626688639322,1205.3513936360678,1526.1257629394531,1441.431884765625,29338480.0,166210366.0,99819896.0,117609570.0,77862923.0,151514932.0
2024.0,Q2,242.43149999999994,24.841849999999976,8.63672516714364,0.26988301237487566,709.3880871646262,511.20379406268285,2,8098.0,6066.830680338541,1169.4186238606771,1423.3232666015624,1192.2818481445313,1594.1162923177085,1491.405643717448,29113861.0,99444627.0,125295664.0,153474530.0,78747274.0,166524718.0
2024.0,Q3,242.43149999999994,24.841849999999976,8.63672516714364,0.26988301237487566,709.3880871646262,511.20379406268285,3,8099.0,6672.532958984375,1446.0048789978027,1554.256769180298,1341.0824146270752,2015.147201538086,1707.9548816680908,24539249.0,91101124.0,102583782.0,123310670.0,96213576.0,131490407.0
2024.0,Q4,242.43149999999994,24.841849999999976,8.63672516714364,0.26988301237487566,709.3880871646262,511.20379406268285,4,8100.0,7036.711433656754,1330.030779438634,1508.6007158833163,1276.200652091734,2126.711488785282,1806.4663637222784,20990580.0,64921196.0,146821074.0,125046670.0,62351523.0,117212855.0
2025.0,Q1,242.43149999999994,24.841849999999976,8.63672516714364,0.26988301237487566,709.3880871646262,511.20379406268285,1,8101.0,6593.167378087198,1162.0765597435736,1446.965568296371,1210.3824462890625,2070.207261608493,1709.1719517861643,23342140.0,56097869.0,91730796.0,133006657.0,52705607.0,126659791.0
2025.0,Q2,242.43149999999994,24.841849999999976,8.63672516714364,0.26988301237487566,709.3880871646262,511.20379406268285,2,8102.0,6939.725049628586,1159.5783671394724,1478.606397284836,1221.0900978963882,1986.5836641905737,1697.2369865042265,25339761.0,83906154.0,100880806.0,130120326.0,71846672.0,174755465.0
2025.0,Q3,242.43149999999994,24.841849999999976,8.63672516714364,0.26988301237487566,709.3880871646262,511.20379406268285,3,8103.0,7555.692878723144,1094.8210935592651,1531.4359436035156,1266.2877712249756,1947.095094680786,1629.4189796447754,27984573.0,85603777.0,90565813.0,94029577.0,59620689.0,153218563.0
2025.0,Q4,242.43149999999994,24.841849999999976,8.63672516714364,0.26988301237487566,709.3880871646262,511.20379406268285,4,8104.0,7433.333102318548,1166.2596789944555,1527.78709953062,1252.877417779738,2022.4967867943549,1720.922845655872,19817600.0,67501605.0,78413954.0,108949803.0,62009565.0,120715659.0
2026.0,Q1,242.43149999999994,24.841849999999976,8.63672516714364,0.26988301237487566,709.3880871646262,511.20379406268285,1,8105.0,7359.040169270834,1208.071181475106,1348.8816691080729,1256.5100056966146,2230.549983723958,1721.3678792317708,27117941.0,98877022.0,108417298.0,101733639.0,53076712.0,156335752.0
2026.0,Q2,242.43149999999994,24.841849999999976,8.63672516714364,0.26988301237487566,709.3880871646262,511.20379406268285,2,8106.0,7442.85,1347.1900024414062,1213.0000122070312,1215.1400146484375,2303.160009765625,1696.3199829101563,4044524.0,18106051.0,21340645.0,24143231.0,12536762.0,41437963.0
2026.0,Q3,242.43149999999994,24.841849999999976,8.63672516714364,0.26988301237487566,709.3880871646262,511.20379406268285,3,8107.0,0.0,0.0,0.0,0.0,0.0,0.0,0.0,0.0,0.0,0.0,0.0,0.0
2026.0,Q4,242.43149999999994,24.841849999999976,8.63672516714364,0.26988301237487566,709.3880871646262,511.20379406268285,4,8108.0,0.0,0.0,0.0,0.0,0.0,0.0,0.0,0.0,0.0,0.0,0.0,0.0
