YEAR,QUARTER,R,T,H,CLIMATE_RISK,DENGUE,MALARIA,DENGUE_TARGET,MALARIA_TARGET
1901.0,Q1,73.30000000000001,20.11,3.472288015158693,0.1865375733993614,286.56968716232996,45.58968810583745,0,0
1901.0,Q2,107.3,27.64,3.746508379888268,0.1865375733993614,495.47895851084866,59.35082261906214,0,0
1901.0,Q3,750.9000000000001,28.16,25.751028806584365,0.1865375733993614,834.6474619983716,375.03373620740115,1,1
1901.0,Q4,99.3,23.1,4.1203319502074685,0.1865375733993614,416.1220735327424,53.286403688496016,0,0
1902.0,Q1,11.6,20.88,0.530164533820841,0.3008654774015352,260.1462253766531,17.18620992499876,0,0
1902.0,Q2,111.9,27.96,3.863950276243094,0.3008654774015352,502.91865033176055,68.92176870475954,0,0
1902.0,Q3,797.8,27.98,27.52933057280883,0.3008654774015352,922.9872043309753,391.6380299339638,1,1
1902.0,Q4,117.1,22.51,4.980859208847299,0.3008654774015352,379.3952118044583,71.03449572486844,0,0
1903.0,Q1,24.7,19.99,1.1767508337303478,0.5147312453520214,238.25655023154067,20.582870398546177,0,0
1903.0,Q2,107.7,27.02,3.8436830835117775,0.5147312453520214,508.44800367737696,64.73275451227495,0,0
1903.0,Q3,885.6,28.0,30.53793103448276,0.5147312453520214,795.16154816396,494.8485558089487,1,1
1903.0,Q4,177.8,22.33,7.621088726960996,0.5147312453520214,355.2313366942538,108.5222062585043,0,1
1904.0,Q1,24.6,19.76,1.184971098265896,0.2194784112503683,250.3853042244344,19.581018779573434,0,0
1904.0,Q2,138.89999999999998,27.23,4.92029755579171,0.2194784112503683,405.8884998929311,77.57055223004821,0,0
1904.0,Q3,764.3,27.57,26.7518375918796,0.2194784112503683,637.0228518551015,392.7699818852201,1,1
1904.0,Q4,97.4,22.56,4.134125636672327,0.2194784112503683,326.14129272384645,45.709383271319965,0,0
1905.0,Q1,45.0,18.36,2.324380165289256,0.12710142513701,198.572461662713,26.11094065802643,0,0
1905.0,Q2,131.39999999999998,26.38,4.799123447772096,0.12710142513701,486.36047045319896,88.85673097710877,0,0
1905.0,Q3,726.5,28.2,24.88013698630137,0.12710142513701,704.8172846106199,447.7281114502823,1,1
1905.0,Q4,74.6,23.13,3.0915872358060503,0.12710142513701,302.085627998699,46.59852565733364,0,0
1906.0,Q1,71.3,19.75,3.436144578313253,0.5471093634621246,302.2211364702373,47.51460872874087,0,0
1906.0,Q2,84.4,27.39,2.972877773864037,0.5471093634621246,473.83395963025515,56.03664477769941,0,0
1906.0,Q3,898.8,27.78,31.230020847810977,0.5471093634621246,837.5438934880111,618.6363046988974,1,1
1906.0,Q4,94.6,23.11,3.923683119037744,0.5471093634621246,308.2463146399331,64.61971191405054,0,0
1907.0,Q1,61.5,20.51,2.859135285913528,0.2630041560541231,262.72791968751807,39.58473458053157,0,0
1907.0,Q2,132.10000000000002,26.53,4.798401743552489,0.2630041560541231,481.870454343832,71.07259389504154,0,0
1907.0,Q3,782.1999999999999,27.74,27.21642310368824,0.2630041560541231,692.6555237122757,346.72307190942405,1,1
1907.0,Q4,59.0,22.88,2.4706867671691795,0.2630041560541231,351.1528888388212,40.44681014873115,0,0
1908.0,Q1,37.0,20.12,1.7518939393939392,0.55723947350361,242.7048638097433,25.18779576570802,0,0
1908.0,Q2,84.69999999999999,27.53,2.968804766912022,0.55723947350361,475.23244622236615,46.79119591789722,0,0
1908.0,Q3,902.9,27.65,31.51483420593369,0.55723947350361,779.4267391238635,444.3962257233141,1,1
1908.0,Q4,52.6,22.21,2.2662645411460574,0.55723947350361,376.53542786535485,32.18714436493598,0,0
1909.0,Q1,37.9,20.08,1.797912713472486,0.5405414663224425,257.27549397258605,32.37474398094682,0,0
1909.0,Q2,119.4,27.14,4.243070362473348,0.5405414663224425,439.0491178772492,78.6233599950455,0,0
1909.0,Q3,895.9000000000001,27.32,31.63488700564972,0.5405414663224425,882.7732417685706,471.15601928776374,1,1
1909.0,Q4,75.4,22.9,3.154811715481172,0.5405414663224425,303.5414760019625,55.243700725336254,0,0
1910.0,Q1,23.8,20.24,1.120527306967985,0.6196439902819841,260.9903309988052,20.602384322815897,0,0
1910.0,Q2,83.5,27.29,2.9515729939908097,0.6196439902819841,386.84594463965163,49.20890409532923,0,0
1910.0,Q3,928.4,27.44,32.64416315049226,0.6196439902819841,722.2974181517512,562.597710349339,1,1
1910.0,Q4,148.20000000000002,22.01,6.440677966101696,0.6196439902819841,358.80334299822374,90.08688885436682,0,0
1911.0,Q1,45.9,20.34,2.150890346766636,0.1669478457135308,286.9690112174162,28.632732633744965,0,0
1911.0,Q2,114.3,26.95,4.089445438282648,0.1669478457135308,491.0007661130973,68.2416723495384,0,0
1911.0,Q3,742.8,27.83,25.764828303850155,0.1669478457135308,760.65501954189,358.4403249928352,1,1
1911.0,Q4,126.0,22.72,5.311973018549748,0.1669478457135308,350.82133088475564,63.95064671240657,0,0
1912.0,Q1,41.900000000000006,20.89,1.91411603471905,0.3350383900796757,237.8936710987192,32.85681478647294,0,0
1912.0,Q2,101.6,27.31,3.588837866478276,0.3350383900796757,454.0022145526339,75.21932188791726,0,0
1912.0,Q3,811.8,27.88,28.109418282548475,0.3350383900796757,762.7000384520608,368.39571009622165,1,1
1912.0,Q4,115.2,22.39,4.925181701581873,0.3350383900796757,385.1691190911873,72.3838797636746,0,0
1913.0,Q1,44.4,20.28,2.0864661654135337,0.2743239910151896,274.2641211906149,29.120056962393313,0,0
1913.0,Q2,122.3,27.01,4.366297750803285,0.2743239910151896,401.9257086624178,70.11037973528119,0,0
1913.0,Q3,786.8000000000001,27.57,27.539376968848444,0.2743239910151896,804.2923446824353,390.83311540458493,1,1
1913.0,Q4,108.6,22.5,4.62127659574468,0.2743239910151896,335.15332413305157,59.519739453310194,0,0
1914.0,Q1,31.9,20.51,1.4830311483031149,0.6232187847873376,247.62185539930354,24.867289962883522,0,0
1914.0,Q2,136.1,26.92,4.874641833810888,0.6232187847873376,520.7300586149099,74.05645073802515,0,0
1914.0,Q3,930.0,27.71,32.39289446185998,0.6232187847873376,929.2782363641604,502.2676097057599,1,1
1914.0,Q4,87.80000000000001,22.75,3.6968421052631584,0.6232187847873376,379.06023227560394,54.20504596769283,0,0
1915.0,Q1,57.3,20.09,2.716927453769559,0.2612173032476216,243.58514947697304,36.87019799643148,0,0
1915.0,Q2,141.6,27.45,4.977152899824253,0.2612173032476216,494.45755916084227,76.1681222072613,0,0
1915.0,Q3,781.5999999999999,28.33,26.64848278213433,0.2612173032476216,828.7614359707092,388.98276900756804,1,1
1915.0,Q4,143.89999999999998,23.14,5.961060480530239,0.2612173032476216,417.7556746140565,89.9047714919971,0,0
1916.0,Q1,24.700000000000003,20.2,1.1650943396226416,0.8094787015109997,242.83202029850588,21.9427561813625,0,0
1916.0,Q2,105.6,27.86,3.659043659043659,0.8094787015109997,499.59458693664607,59.0136615134838,0,0
1916.0,Q3,1006.3,27.5,35.308771929824566,0.8094787015109997,770.9585868814781,533.5209713242799,1,1
1916.0,Q4,188.4,22.34,8.071979434447302,0.8094787015109997,332.10281573497224,114.35690526567284,0,1
1917.0,Q1,45.5,20.16,2.1502835538752363,0.9999999922370196,284.0455345832331,26.38642019947279,0,0
1917.0,Q2,134.6,26.16,4.955817378497791,0.9999999922370196,529.1259536302439,84.07942490678965,0,0
1917.0,Q3,1084.3000000000002,27.3,38.31448763250884,0.9999999922370196,885.962246958433,530.7325392243001,1,1
1917.0,Q4,199.7,22.14,8.63007778738116,0.9999999922370196,414.36750240223915,118.55775343757465,0,1
1918.0,Q1,15.8,19.75,0.7614457831325302,0.1815911242238336,249.28638781076745,14.87538162726837,0,0
1918.0,Q2,176.0,26.82,6.326383896477354,0.1815911242238336,471.3787155013727,82.98257847288292,0,0
1918.0,Q3,748.8,27.78,26.0180681028492,0.1815911242238336,798.2030212156908,331.48169281025343,1,1
1918.0,Q4,79.7,22.81,3.3473330533389336,0.1815911242238336,398.13363574035844,50.55486269236813,0,0
1919.0,Q1,69.0,20.48,3.212290502793296,0.6663670187965206,279.2180029786808,45.119095670492335,0,0
1919.0,Q2,111.3,27.33,3.928697493822803,0.6663670187965206,571.1268070358584,61.990246585912146,1,0
1919.0,Q3,947.7,27.7,33.02090592334495,0.6663670187965206,626.8495304173895,529.949102533015,1,1
1919.0,Q4,159.79999999999998,22.71,6.739772247996625,0.6663670187965206,406.24165759745665,76.44710810489774,0,0
1920.0,Q1,45.2,20.24,2.1280602636534844,0.2429867732200252,266.8154860043693,31.338760683784333,0,0
1920.0,Q2,145.8,26.91,5.223934073808671,0.2429867732200252,479.5938332300796,75.36867694423592,0,0
1920.0,Q3,774.0,27.8,26.875,0.2429867732200252,788.5363796798829,382.2183770602931,1,1
1920.0,Q4,74.1,23.09,3.075965130759651,0.2429867732200252,280.7969690697503,47.741607408767564,0,0
1921.0,Q1,45.0,20.87,2.05761316872428,0.7092728995591582,273.8016781704141,28.94602620342359,0,0
1921.0,Q2,112.9,28.46,3.832315003394433,0.7092728995591582,551.3014943655855,66.69938240335756,1,0
1921.0,Q3,965.3,27.69,33.645869640989886,0.7092728995591582,982.8008996237336,558.2219440757966,1,1
1921.0,Q4,101.9,22.5,4.336170212765957,0.7092728995591582,327.88850453760506,58.125941273690586,0,0
1922.0,Q1,38.7,20.53,1.7974918718067814,0.6440679484706199,247.16676496037533,30.64441733914747,0,0
1922.0,Q2,96.1,27.88,3.327562326869806,0.6440679484706199,480.4352893791288,53.694567611005276,0,0
1922.0,Q3,938.5,27.6,32.81468531468531,0.6440679484706199,919.404763096649,519.557253282035,1,1
1922.0,Q4,130.9,22.33,5.610801543077583,0.6440679484706199,364.8327462411056,87.67253054905822,0,0
1923.0,Q1,60.5,20.01,2.8795811518324603,0.5167755462938566,251.2491877136402,29.666111553282178,0,0
1923.0,Q2,110.3,27.44,3.878340365682138,0.5167755462938566,522.5679104902555,62.28416133848832,0,0
1923.0,Q3,886.4000000000001,27.9,30.671280276816614,0.5167755462938566,838.8726585657489,493.5563429194095,1,1
1923.0,Q4,91.4,22.64,3.866328257191201,0.5167755462938566,378.705256067855,55.15933438251746,0,0
1924.0,Q1,43.0,20.39,2.0102851799906496,0.6943600475200148,248.49167153916213,31.59062863602033,0,0
1924.0,Q2,106.1,27.82,3.68147120055517,0.6943600475200148,491.2734005624096,61.68539018609903,0,0
1924.0,Q3,959.3,27.92,33.17081604426002,0.6943600475200148,827.6113949174753,508.4511992049544,1,1
1924.0,Q4,137.5,22.55,5.83864118895966,0.6943600475200148,308.89535138750347,78.85839687518991,0,0
1925.0,Q1,24.2,19.4,1.1862745098039216,0.5022378447045565,242.8359348277966,22.709137382088077,0,0
1925.0,Q2,160.2,27.5,5.621052631578947,0.5022378447045565,533.0785631115052,95.7233994531363,0,0
1925.0,Q3,880.3,27.57,30.8120406020301,0.5022378447045565,817.8445397039062,479.1507947050372,1,1
1925.0,Q4,124.8,22.71,5.263601855757065,0.5022378447045565,352.4782225903526,70.55846118314395,0,0
1926.0,Q1,38.6,20.9,1.762557077625571,0.6865565442388494,238.69970891589332,26.981926663212384,0,0
1926.0,Q2,152.89999999999998,26.74,5.511896178803172,0.6865565442388494,471.141524523904,85.48581825504628,0,0
1926.0,Q3,956.2,28.13,32.825266048747,0.6865565442388494,837.3887480602374,522.3026207578919,1,1
1926.0,Q4,78.5,22.37,3.359007274283269,0.6865565442388494,305.969459661169,47.455978311718376,0,0
1927.0,Q1,47.8,20.05,2.2707838479809976,0.674665700087035,256.7931339657792,33.7795955249894,0,0
1927.0,Q2,109.1,26.97,3.9006077940650696,0.674665700087035,500.68321414752853,80.7823098370558,0,0
1927.0,Q3,951.1,27.69,33.15092366678285,0.674665700087035,1010.8332669768091,543.4327060018368,1,1
1927.0,Q4,136.6,22.77,5.746739587715608,0.674665700087035,373.8625845361468,77.108069983728,0,0
1928.0,Q1,61.2,20.58,2.83595922150139,0.4413439846734235,286.64994111342565,44.767201339129855,0,0
1928.0,Q2,110.1,27.56,3.8550420168067214,0.4413439846734235,497.1994632284807,64.8567736786592,0,0
1928.0,Q3,855.4,27.79,29.71170545328239,0.4413439846734235,658.170806711089,358.8422703437999,1,1
1928.0,Q4,173.70000000000002,22.92,7.261705685618729,0.4413439846734235,385.82865089587443,88.95042209025743,0,0
1929.0,Q1,48.2,19.99,2.296331586469748,0.4460451533674129,261.2933124516408,26.83820054166475,0,0
1929.0,Q2,134.9,27.77,4.688912061174835,0.4460451533674129,645.683699624092,77.60621656393876,1,0
1929.0,Q3,857.3,27.71,29.860675722744684,0.4460451533674129,796.9537057481683,452.51018845448436,1,1
1929.0,Q4,152.6,22.58,6.471586089906701,0.4460451533674129,380.01925603566616,102.65997764469897,0,1
1930.0,Q1,46.7,19.77,2.2484352431391432,0.4434185986827237,252.98505582093603,33.20868668333242,0,0
1930.0,Q2,135.8,27.22,4.812189936215451,0.4434185986827237,441.8493159480612,78.94445259371678,0,0
1930.0,Q3,856.2,27.65,29.884816753926703,0.4434185986827237,902.7457576021117,488.52956755715894,1,1
1930.0,Q4,160.0,22.76,6.7340067340067336,0.4434185986827237,405.16591178975386,71.49991063379247,0,0
1931.0,Q1,45.3,20.69,2.0885200553250343,0.6693685005837259,297.3924407391492,32.509753033734015,0,0
1931.0,Q2,115.7,27.72,4.0285515320334255,0.6693685005837259,462.28274297743224,75.98782989274433,0,0
1931.0,Q3,949.1,28.04,32.68250688705234,0.6693685005837259,981.9969149384202,425.0813539216399,1,1
1931.0,Q4,182.9,22.89,7.655922980326497,0.6693685005837259,335.1799521114759,115.52548083374741,0,1
1932.0,Q1,32.099999999999994,20.33,1.5049226441631502,0.5250787341101617,276.6100321313161,25.6228975066125,0,0
1932.0,Q2,136.8,27.32,4.830508474576272,0.5250787341101617,614.3972477858481,77.88556535493875,1,0
1932.0,Q3,889.8,27.88,30.810249307479225,0.5250787341101617,749.1726854631908,498.0140899652214,1,1
1932.0,Q4,144.1,22.94,6.019214703425229,0.5250787341101617,353.94489091510155,102.62432720163842,0,1
1933.0,Q1,46.1,20.27,2.1673718852844384,0.8424526624503823,268.2608308515686,32.60737450394887,0,0
1933.0,Q2,175.60000000000002,26.78,6.3210943124550045,0.8424526624503823,477.1408700283254,103.54846939419578,0,1
1933.0,Q3,1019.8,27.46,35.83274771609276,0.8424526624503823,736.0223712138248,510.6313182778705,1,1
1933.0,Q4,130.6,22.75,5.498947368421052,0.8424526624503823,366.9258053954921,70.08980686018893,0,0
1934.0,Q1,34.8,20.15,1.6453900709219855,0.7053084806184061,230.6168005559023,28.286840069613355,0,0
1934.0,Q2,110.2,27.32,3.891242937853107,0.7053084806184061,516.4285575115889,61.79869768375905,0,0
1934.0,Q3,963.7,27.74,33.53166318719555,0.7053084806184061,778.4269627104343,509.9824837105939,1,1
1934.0,Q4,108.7,22.5,4.6255319148936165,0.7053084806184061,402.65111005158417,62.08587605012449,0,0
1935.0,Q1,47.6,20.05,2.261282660332541,0.5626344460694422,240.48324891768948,34.29195122064241,0,0
1935.0,Q2,97.3,27.23,3.446687920651789,0.5626344460694422,469.22298840502947,62.95336724147514,0,0
1935.0,Q3,905.1,27.62,31.62473794549265,0.5626344460694422,896.7066562208062,525.6605166398099,1,1
1935.0,Q4,77.8,22.77,3.2730332351703826,0.5626344460694422,300.9441529244566,46.80195454148894,0,0
1936.0,Q1,54.1,20.18,2.5542965061378657,0.7183583908452109,272.81312555817294,35.1682902305452,0,0
1936.0,Q2,154.0,27.4,5.422535211267606,0.7183583908452109,580.828430410402,81.30751321199224,1,0
1936.0,Q3,968.9,27.46,34.04427266338721,0.7183583908452109,713.5353353345403,486.43488472855853,1,1
1936.0,Q4,144.8,22.98,6.038365304420351,0.7183583908452109,383.5326868125437,87.17694743288142,0,0
1937.0,Q1,56.9,20.23,2.680169571361281,0.5026637191732324,276.10964724221196,40.46140994573795,0,0
1937.0,Q2,133.3,26.99,4.762415148267239,0.5026637191732324,530.2767710908624,72.03349512531805,0,0
1937.0,Q3,880.5999999999999,27.88,30.49168975069252,0.5026637191732324,725.3738019273552,503.9678392414801,1,1
1937.0,Q4,133.79999999999998,22.36,5.727739726027397,0.5026637191732324,308.3148112909373,88.72738529945056,0,0
1938.0,Q1,60.6,20.09,2.8733997155049784,0.7817612934179899,281.21664928867114,41.11782248053249,0,0
1938.0,Q2,138.5,27.95,4.784110535405873,0.7817612934179899,541.1649626269426,97.79786487935345,0,1
1938.0,Q3,994.9,27.45,34.9701230228471,0.7817612934179899,882.1087626910713,481.9939048196598,1,1
1938.0,Q4,96.6,22.47,4.115892628887942,0.7817612934179899,354.69208274582013,51.59906458246992,0,0
1939.0,Q1,45.400000000000006,20.51,2.1106462110646214,0.3836405968216874,252.7477141779712,26.10113146105632,0,0
1939.0,Q2,111.9,26.95,4.003577817531307,0.3836405968216874,492.93122271918867,78.55411601036073,0,0
1939.0,Q3,831.6999999999999,27.73,28.9488339714584,0.3836405968216874,826.2623841194635,467.2168767037914,1,1
1939.0,Q4,122.5,22.75,5.157894736842106,0.3836405968216874,335.2907196426083,72.01065173962027,0,0
1940.0,Q1,38.8,20.02,1.845861084681256,0.5154609771611222,304.42118940618576,28.93435377258008,0,0
1940.0,Q2,155.39999999999998,26.77,5.595966870723802,0.5154609771611222,517.2172777111442,80.44423520205224,0,0
1940.0,Q3,885.8,27.75,30.81043478260869,0.5154609771611222,727.2465386018157,580.3755010621442,1,1
1940.0,Q4,121.3,22.76,5.105218855218856,0.5154609771611222,384.5546587384749,72.7238450714261,0,0
1941.0,Q1,39.3,20.33,1.8424753867791843,0.2888871660303734,238.50133168250719,28.830973061743038,0,0
1941.0,Q2,132.9,28.17,4.556050737058622,0.2888871660303734,572.4232841866882,85.31319852490914,1,0
1941.0,Q3,792.9,28.05,27.29432013769363,0.2888871660303734,889.8196596675317,438.7221842036964,1,1
1941.0,Q4,108.9,23.3,4.481481481481481,0.2888871660303734,340.2208026587506,67.03043429977286,0,0
1942.0,Q1,67.4,20.33,3.159868729488984,0.7950334792201347,302.4722026223091,39.68932292924791,0,0
1942.0,Q2,129.0,27.85,4.471403812824956,0.7950334792201347,539.709972503325,81.07907319489561,0,0
1942.0,Q3,1000.6,27.88,34.646814404432135,0.7950334792201347,949.1062386683366,624.1754911762463,1,1
1942.0,Q4,75.7,22.45,3.2281449893390195,0.7950334792201347,396.9364306455635,54.59558851110142,0,0
1943.0,Q1,66.6,19.67,3.222060957910014,0.5904551835212882,253.37795392015357,49.22098886484744,0,0
1943.0,Q2,174.7,26.94,6.252684323550465,0.5904551835212882,468.9834144259089,95.48285997303255,0,0
1943.0,Q3,916.5,27.59,32.05666316894019,0.5904551835212882,758.8504786931081,434.3989593638537,1,1
1943.0,Q4,111.3,22.53,4.730131746706332,0.5904551835212882,321.90546333883685,65.71688976777084,0,0
1944.0,Q1,65.4,19.34,3.2153392330383483,0.6666584781041778,249.60649940504396,41.954631928415495,0,0
1944.0,Q2,147.8,26.9,5.297491039426524,0.6666584781041778,511.7580141026584,96.27428060172632,0,1
1944.0,Q3,947.9,27.86,32.84476784476785,0.6666584781041778,878.3705392897499,413.9079191152805,1,1
1944.0,Q4,137.29999999999998,22.52,5.837585034013605,0.6666584781041778,390.81964742787386,92.22837108661881,0,0
1945.0,Q1,44.400000000000006,18.88,2.233400402414487,0.6803771886660928,232.60469752770828,30.16113926494275,0,0
1945.0,Q2,120.8,27.05,4.306595365418895,0.6803771886660928,559.6580198495269,69.8288550045052,1,0
1945.0,Q3,953.6,28.0,32.88275862068965,0.6803771886660928,838.8992205007244,450.43117858075476,1,1
1945.0,Q4,103.4,21.79,4.537077665642826,0.6803771886660928,416.71729991530265,51.93252046768241,0,0
1946.0,Q1,23.5,20.68,1.0839483394833949,0.7294876241994147,282.9855615140335,22.139422454505784,0,0
1946.0,Q2,143.8,27.36,5.070521861777151,0.7294876241994147,464.6236338615519,85.49447452630609,0,0
1946.0,Q3,973.6,27.7,33.92334494773519,0.7294876241994147,767.89521208118,445.47437315994625,1,1
1946.0,Q4,196.2,23.09,8.144458281444582,0.7294876241994147,420.1502803823576,96.27101720354554,0,0
1947.0,Q1,40.7,20.27,1.913493182886695,0.7322379802164127,257.49227454593034,28.24212030659446,0,0
1947.0,Q2,121.0,27.78,4.204308547602501,0.7322379802164127,549.3050188413897,85.52660362453967,1,0
1947.0,Q3,974.9,28.02,33.59407305306685,0.7322379802164127,912.3346864897454,498.8020695795334,1,1
1947.0,Q4,99.6,22.77,4.190155658392932,0.7322379802164127,349.6158923221356,51.47741163711378,0,0
1948.0,Q1,54.2,20.42,2.530345471521942,0.7265831569399347,249.5392346750228,35.38857895621575,0,0
1948.0,Q2,173.3,27.57,6.065803290164508,0.7265831569399347,447.33952917303156,97.3742405304173,0,1
1948.0,Q3,972.5,27.87,33.68548666435746,0.7265831569399347,826.5176437796703,373.0957548613141,1,1
1948.0,Q4,142.3,22.82,5.973971452560874,0.7265831569399347,402.9500400815996,82.21874601228875,0,0
1949.0,Q1,41.4,20.53,1.92289828146772,0.6750655459867716,275.8064845771218,28.995718854396962,0,0
1949.0,Q2,166.39999999999998,27.52,5.834502103786815,0.6750655459867716,457.6032596130919,103.26310246315592,0,1
1949.0,Q3,951.3,27.76,33.07719054242003,0.6750655459867716,867.582824074409,592.4298846431536,1,1
1949.0,Q4,110.4,22.43,4.711907810499359,0.6750655459867716,360.82384499896864,73.49848705428407,0,0
1950.0,Q1,60.8,19.98,2.897998093422306,0.5636426253171185,241.31308110376847,38.487712220087985,0,0
1950.0,Q2,114.8,27.1,4.08540925266904,0.5636426253171185,495.2902046648559,62.14240645237881,0,0
1950.0,Q3,905.5,27.59,31.671913256383352,0.5636426253171185,833.2485980817737,599.0637194121971,1,1
1950.0,Q4,93.1,22.31,3.993993993993995,0.5636426253171185,298.5526316064483,57.409566661241065,0,0
1951.0,Q1,27.8,20.06,1.3200379867046532,0.2170411353672408,262.0086950382421,22.483289262049922,0,0
1951.0,Q2,158.2,27.01,5.64798286326312,0.2170411353672408,530.8890063503925,91.94084863900859,0,0
1951.0,Q3,763.4,28.03,26.2969342059938,0.2170411353672408,869.6400613709476,411.4221225115244,1,1
1951.0,Q4,111.0,23.55,4.521384928716905,0.2170411353672408,418.40621108494895,65.76525781764548,0,0
1952.0,Q1,30.3,21.17,1.3667117726657645,0.3764423474098546,242.65941803745343,22.77844855648319,0,0
1952.0,Q2,139.5,27.47,4.899894625922023,0.3764423474098546,462.1985701991068,78.17554608308929,0,0
1952.0,Q3,828.8000000000001,27.9,28.678200692041525,0.3764423474098546,848.7415340696822,435.59985991524167,1,1
1952.0,Q4,111.3,22.86,4.664710813076279,0.3764423474098546,377.9360915866081,63.03742108690634,0,0
1953.0,Q1,40.8,20.75,1.8758620689655168,0.7068226649414928,289.3954143634034,27.350989416712903,0,0
1953.0,Q2,110.7,28.28,3.780737704918032,0.7068226649414928,727.6414037242419,68.89987565679805,1,0
1953.0,Q3,964.4,27.89,33.38179300796123,0.7068226649414928,911.7242936653982,493.7887993276486,1,1
1953.0,Q4,106.1,23.03,4.4153141905950894,0.7068226649414928,403.099830781552,73.65791088515336,0,0
1954.0,Q1,74.80000000000001,20.5,3.479069767441861,0.6022033335482994,310.12281983388897,34.534289224113365,0,0
1954.0,Q2,93.8,28.0,3.23448275862069,0.6022033335482994,542.0390166770542,65.87666631685616,1,0
1954.0,Q3,921.4,27.76,32.037552155771905,0.6022033335482994,814.0421270007054,545.0066794522311,1,1
1954.0,Q4,91.3,22.28,3.921821305841924,0.6022033335482994,361.0017046369026,44.49263809672011,0,0
1955.0,Q1,24.9,20.58,1.153846153846154,0.6574740187051465,243.99233173876448,20.418975628965466,0,0
1955.0,Q2,124.5,27.22,4.411764705882353,0.6574740187051465,483.9419312281458,72.12051328851602,0,0
1955.0,Q3,944.0,27.6,33.00699300699301,0.6574740187051465,803.5663264275419,426.3960431545551,1,1
1955.0,Q4,182.00000000000003,22.33,7.801114444920705,0.6574740187051465,377.3823680777905,95.03685457565254,0,0
1956.0,Q1,28.1,20.03,1.336186400380409,0.7538190945461872,310.77444261653187,20.086964676233354,0,0
1956.0,Q2,145.1,27.69,5.057511327988846,0.7538190945461872,422.57601688866464,100.65702644606253,0,1
1956.0,Q3,983.3,27.22,34.84408221119774,0.7538190945461872,906.5477935561928,564.8011419121958,1,1
1956.0,Q4,206.0,22.45,8.784648187633262,0.7538190945461872,324.954331578881,130.17953979522656,0,1
1957.0,Q1,42.0,19.93,2.0066889632107023,0.4307560714417004,243.65647156698063,31.923430743869265,0,0
1957.0,Q2,134.9,26.86,4.842067480258435,0.4307560714417004,541.4605725599793,71.08364177764982,1,0
1957.0,Q3,851.0999999999999,27.92,29.42946058091286,0.4307560714417004,822.2362572456481,424.96558612743326,1,1
1957.0,Q4,103.9,23.21,4.291615035109459,0.4307560714417004,326.61694740522313,66.03129049125745,0,0
1958.0,Q1,28.9,21.19,1.302388463271744,0.7717341574226836,261.2345644412701,20.581437764285248,0,0
1958.0,Q2,136.5,28.04,4.700413223140496,0.7717341574226836,563.6212006722185,87.14613410443454,1,0
1958.0,Q3,991.2,28.18,33.96847155586018,0.7717341574226836,818.6365301802233,507.9514276427637,1,1
1958.0,Q4,155.6,23.24,6.419141914191419,0.7717341574226836,396.62775107192437,86.3028763420005,0,0
1959.0,Q1,55.6,20.31,2.609103707179728,0.909915213045071,271.75320230760184,39.59589280419395,0,0
1959.0,Q2,122.5,27.83,4.249046132500867,0.909915213045071,481.4239356305458,77.37279296641786,0,0
1959.0,Q3,1047.7,27.8,36.37847222222222,0.909915213045071,1085.3012978767492,529.6855260106092,1,1
1959.0,Q4,151.0,22.99,6.294289287203002,0.909915213045071,403.46401717916734,97.32466170392107,0,1
1960.0,Q1,16.5,20.85,0.7551487414187642,0.5860737892039277,213.45506911127072,15.065920891630038,0,0
1960.0,Q2,112.9,27.27,3.993632826317652,0.5860737892039277,501.733633949304,73.20266501813386,0,0
1960.0,Q3,914.9,28.03,31.51567344126765,0.5860737892039277,790.7816260695489,509.8123509752544,1,1
1960.0,Q4,110.5,23.0,4.604166666666667,0.5860737892039277,393.92298174060016,64.23963172938102,0,0
1961.0,Q1,60.9,20.05,2.893111638954869,0.9207538401738043,245.31434835458276,40.919619961847225,0,0
1961.0,Q2,132.1,27.65,4.610820244328098,0.9207538401738043,507.05149237909234,69.07624491798612,0,0
1961.0,Q3,1052.0,27.58,36.80895731280616,0.9207538401738043,933.0913418897087,602.7392895872292,1,1
1961.0,Q4,154.3,22.09,6.682546556951062,0.9207538401738043,387.3702835371217,87.01969442695133,0,0
1962.0,Q1,34.2,19.85,1.640287769784173,0.5660631125044524,220.50788843763658,24.352920017432318,0,0
1962.0,Q2,130.4,27.36,4.59802538787024,0.5660631125044524,485.8664204361966,86.16372084646083,0,0
1962.0,Q3,906.6,27.83,31.446409989594176,0.5660631125044524,797.0368242531694,443.41262588856654,1,1
1962.0,Q4,126.6,22.5,5.387234042553192,0.5660631125044524,332.74724641510466,63.968210018577196,0,0
1963.0,Q1,16.6,20.38,0.7764265668849393,0.569919299124015,301.2892438822758,14.153259980667963,0,0
1963.0,Q2,153.20000000000002,27.06,5.459729151817535,0.569919299124015,522.6048553420052,95.03821906727728,0,0
1963.0,Q3,908.2,27.87,31.458261170765496,0.569919299124015,733.0017639189044,416.6483816900255,1,1
1963.0,Q4,143.0,23.17,5.916425320645428,0.569919299124015,416.0625423809722,97.72297612654204,0,1
1964.0,Q1,32.7,20.17,1.5446386395843177,0.7866452398370299,312.3161191069319,19.823567083331092,0,0
1964.0,Q2,111.1,27.9,3.8442906574394464,0.7866452398370299,565.5675127197162,79.82564355053346,1,0
1964.0,Q3,997.0,27.61,34.84795526039846,0.7866452398370299,734.9667176725467,534.529591625238,1,1
1964.0,Q4,103.5,22.78,4.352396972245584,0.7866452398370299,336.91783390315123,61.99750609322141,0,0
1965.0,Q1,39.900000000000006,20.64,1.8438077634011087,0.0833567549726346,306.59394945552646,27.366335287399775,0,0
1965.0,Q2,124.5,26.77,4.483255311487216,0.0833567549726346,447.07698948467896,77.73489655187173,0,0
1965.0,Q3,708.5,27.88,24.53254847645429,0.0833567549726346,790.7395891522301,373.8029088305719,1,1
1965.0,Q4,74.4,23.22,3.071841453344344,0.0833567549726346,381.6187821592844,52.98133310872538,0,0
1966.0,Q1,38.5,21.23,1.731893837156995,0.2763027762932267,259.80490361318135,28.75956108421106,0,0
1966.0,Q2,108.1,27.66,3.771807397069086,0.2763027762932267,500.4202951839086,67.62407422023749,0,0
1966.0,Q3,787.6999999999999,27.91,27.24662746454514,0.2763027762932267,534.3689570874918,400.78955907454974,0,1
1966.0,Q4,123.8,23.04,5.149750415973378,0.2763027762932267,331.71160283167495,72.75919543875679,0,0
1967.0,Q1,25.3,20.63,1.169671752196024,0.5115125827513369,259.1150465651836,22.027637039590555,0,0
1967.0,Q2,135.6,26.96,4.849785407725322,0.5115125827513369,430.433931757358,66.75296887761893,0,0
1967.0,Q3,884.2,27.8,30.70138888888889,0.5115125827513369,961.528623620011,402.7424492573445,1,1
1967.0,Q4,108.8,22.88,4.556113902847572,0.5115125827513369,307.6437621292741,70.23349336636277,0,0
1968.0,Q1,49.2,19.67,2.3802612481857763,0.3106288136369006,241.42656050152155,33.99113857902933,0,0
1968.0,Q2,106.8,27.1,3.800711743772242,0.3106288136369006,490.84067572860283,64.55040503969393,0,0
1968.0,Q3,801.8,27.95,27.696027633851468,0.3106288136369006,912.7279293584414,423.9384584360825,1,1
1968.0,Q4,101.5,22.88,4.250418760469011,0.3106288136369006,304.85912711274415,63.74334614769568,0,0
1969.0,Q1,27.2,20.5,1.2651162790697674,0.5354369882662802,294.048377178595,21.102056058219706,0,0
1969.0,Q2,123.2,27.95,4.255613126079448,0.5354369882662802,519.8095644720613,68.68525690673327,0,0
1969.0,Q3,894.0999999999999,28.0,30.83103448275861,0.5354369882662802,755.1086401914854,479.7985470804827,1,1
1969.0,Q4,103.5,23.37,4.247025030775544,0.5354369882662802,387.48309290231424,56.652941068599475,0,0
1970.0,Q1,50.5,20.61,2.336881073577048,0.762701994861228,281.25368056703064,35.83431573494346,0,0
1970.0,Q2,124.8,27.76,4.339360222531293,0.762701994861228,482.7656873373973,62.42954862171215,0,0
1970.0,Q3,987.2,27.65,34.45724258289704,0.762701994861228,869.9610889995206,571.7987400444702,1,1
1970.0,Q4,92.6,22.54,3.9337298215802887,0.762701994861228,329.83285443285666,59.578074994754985,0,0
1971.0,Q1,39.7,20.13,1.878845243729295,0.5771315688587944,262.5204063674404,29.387153872117054,0,0
1971.0,Q2,138.6,26.96,4.957081545064377,0.5771315688587944,525.6772511281541,90.13146626749571,0,0
1971.0,Q3,910.9,27.31,32.1759095725892,0.5771315688587944,951.8080033958516,559.061287890034,1,1
1971.0,Q4,127.8,22.52,5.433673469387756,0.5771315688587944,312.84533513236016,82.6975088862065,0,0
1972.0,Q1,37.900000000000006,19.61,1.838913148956817,0.0,299.0100342499098,22.46171853096986,0,0
1972.0,Q2,114.0,27.29,4.029692470837752,0.0,397.2895056876023,60.63124999430441,0,0
1972.0,Q3,674.3,28.07,23.195734434124525,0.0,738.0583743946283,335.30926409569383,1,1
1972.0,Q4,120.8,23.09,5.014528850145289,0.0,391.4640834549992,71.82873255026679,0,0
1973.0,Q1,42.8,20.86,1.9579139981701736,0.5997216054830385,286.6249383501182,32.107431863449655,0,0
1973.0,Q2,105.2,27.98,3.630089717046239,0.5997216054830385,480.9591787325802,60.50899034781637,0,0
1973.0,Q3,920.4,27.8,31.95833333333333,0.5997216054830385,823.9390220253495,493.14477465725685,1,1
1973.0,Q4,151.2,22.54,6.423109600679694,0.5997216054830385,349.1330304369958,80.59941932527148,0,0
1974.0,Q1,29.0,19.69,1.401643305944901,0.2658979281284644,230.22004243405516,21.53403989300199,0,0
1974.0,Q2,118.4,27.62,4.13696715583508,0.2658979281284644,549.3367605963305,61.78850155891256,1,0
1974.0,Q3,783.4000000000001,27.79,27.210837096213968,0.2658979281284644,812.9156320998222,375.5061445334753,1,1
1974.0,Q4,124.4,22.52,5.289115646258503,0.2658979281284644,330.99454747439165,63.41260187097573,0,0
1975.0,Q1,36.2,19.8,1.7403846153846154,0.802669054029625,272.73645360763,24.108995850064943,0,0
1975.0,Q2,107.2,27.42,3.7719915552427854,0.802669054029625,510.3406184373028,73.03892409279683,0,0
1975.0,Q3,1003.4,27.33,35.4182845040593,0.802669054029625,930.0605773031297,476.78504548555446,1,1
1975.0,Q4,148.00000000000003,22.29,6.354658651781882,0.802669054029625,381.82993514872936,107.95363816804304,0,1
1976.0,Q1,36.0,19.8,1.7307692307692306,0.5321988070595013,229.40648173686867,27.925140469144253,0,0
1976.0,Q2,107.2,27.04,3.823109843081312,0.5321988070595013,455.68261570469434,67.16415026377962,0,0
1976.0,Q3,892.6000000000001,27.59,31.22070654074852,0.5321988070595013,884.6431305877873,429.49654978612364,1,1
1976.0,Q4,95.6,23.44,3.9116202945990177,0.5321988070595013,391.60080402112584,62.85431373782064,0,0
1977.0,Q1,31.2,20.17,1.473783656117147,0.5593358688200559,256.4822634259,22.861159230501215,0,0
1977.0,Q2,167.3,27.37,5.897074374339091,0.5593358688200559,524.238689350733,98.13979823237236,0,1
1977.0,Q3,903.8,27.74,31.44745998608212,0.5593358688200559,939.0446896326895,597.3262003255905,1,1
1977.0,Q4,167.49999999999997,23.34,6.881676253081347,0.5593358688200559,372.49649487528194,94.91804519342331,0,0
1978.0,Q1,39.3,19.66,1.9022265246853824,0.6543303581633217,261.7789864875883,31.52444836803152,0,0
1978.0,Q2,137.5,27.33,4.853512177903283,0.6543303581633217,494.4104816017265,75.8838394667707,0,0
1978.0,Q3,942.7,27.58,32.98460461861441,0.6543303581633217,825.0106586979825,493.84189678414543,1,1
1978.0,Q4,117.8,23.3,4.847736625514403,0.6543303581633217,415.4364528483969,82.58287159042538,0,0
1979.0,Q1,55.9,20.47,2.6036329762459247,0.1295085441331918,297.2157353716324,34.848423952797894,0,0
1979.0,Q2,104.3,27.36,3.677715091678421,0.1295085441331918,531.986907397893,76.26717574508264,0,0
1979.0,Q3,727.5,28.29,24.837828610447254,0.1295085441331918,880.296368721617,412.24966103739547,1,1
1979.0,Q4,142.29999999999998,23.74,5.751818916734034,0.1295085441331918,397.6315341321978,78.28124972415176,0,0
1980.0,Q1,35.1,20.82,1.6086159486709442,0.6285808667980695,293.33286423833704,28.19868317360056,0,0
1980.0,Q2,122.4,28.0,4.220689655172413,0.6285808667980695,504.47290643541703,81.29376409755176,0,0
1980.0,Q3,932.3,27.92,32.2372060857538,0.6285808667980695,877.871093753449,520.6948078247871,1,1
1980.0,Q4,92.5,23.31,3.805018510900864,0.6285808667980695,359.41593900238297,48.13065118102283,0,0
1981.0,Q1,49.7,20.5,2.3116279069767445,0.5057554296233322,275.3687961651762,31.504227973176025,0,0
1981.0,Q2,152.39999999999998,27.39,5.368087354702359,0.5057554296233322,543.2112491935103,87.09281345556595,1,0
1981.0,Q3,881.9000000000001,27.96,30.452348066298345,0.5057554296233322,762.962398738258,460.8588839156185,1,1
1981.0,Q4,86.5,22.84,3.628355704697986,0.5057554296233322,421.6468722606956,57.178875897943975,0,0
1982.0,Q1,48.0,20.41,2.241943017281644,0.2340719153824542,242.66974157269516,33.648270527042634,0,0
1982.0,Q2,154.5,26.81,5.555555555555556,0.2340719153824542,434.662490925002,78.15192057008151,0,0
1982.0,Q3,770.4,28.07,26.5015479876161,0.2340719153824542,880.2247646522213,422.50375982663456,1,1
1982.0,Q4,111.6,23.18,4.615384615384616,0.2340719153824542,397.57786341003606,71.00408093007097,0,0
1983.0,Q1,41.8,20.09,1.981981981981982,0.766210040551308,275.67408156763173,31.392982216185445,0,0
1983.0,Q2,170.5,26.93,6.104547081990691,0.766210040551308,536.9082019874296,109.10559858869512,0,1
1983.0,Q3,988.9,28.12,33.95947802197802,0.766210040551308,879.1105365647184,562.5858502230762,1,1
1983.0,Q4,119.6,22.68,5.050675675675675,0.766210040551308,325.86431414372333,74.14750209820892,0,0
1984.0,Q1,54.9,19.94,2.621776504297994,0.5143433836353535,263.28953195342467,36.21878319975741,0,0
1984.0,Q2,128.5,27.86,4.452529452529452,0.5143433836353535,483.33650878204037,64.3565438198221,0,0
1984.0,Q3,885.3000000000001,27.65,30.90052356020943,0.5143433836353535,902.2686069602596,486.0934347604365,1,1
1984.0,Q4,92.0,22.87,3.8542103058232087,0.5143433836353535,346.6052420089794,57.86705906046669,0,0
1985.0,Q1,33.1,20.62,1.5309898242368178,0.3743958443750362,246.61975200527667,26.100488507620785,0,0
1985.0,Q2,122.6,28.01,4.226128921061703,0.3743958443750362,504.298285484894,64.72168553104915,0,0
1985.0,Q3,827.9,27.71,28.836642284918145,0.3743958443750362,833.5733362765186,389.3731167245577,1,1
1985.0,Q4,161.3,22.89,6.75177898702386,0.3743958443750362,359.44357877792095,102.24908232166133,0,1
1986.0,Q1,52.1,20.26,2.450611476952022,0.3148562746378023,245.83209791023424,34.995270545738244,0,0
1986.0,Q2,129.3,27.35,4.560846560846561,0.3148562746378023,514.1324578549963,82.69013120025134,0,0
1986.0,Q3,803.4999999999999,27.82,27.87994448299792,0.3148562746378023,813.5890865101767,425.230761833373,1,1
1986.0,Q4,152.70000000000002,22.96,6.373121869782972,0.3148562746378023,360.06110480037376,88.34535049161131,0,0
1987.0,Q1,37.0,20.73,1.7027151403589509,0.1876074958822186,260.28411710308575,30.050841230810033,0,0
1987.0,Q2,139.7,27.29,4.938140685754683,0.1876074958822186,515.9080434179328,78.47143736365824,0,0
1987.0,Q3,751.4000000000001,28.55,25.428087986463623,0.1876074958822186,681.8014129285538,401.1100294144602,1,1
1987.0,Q4,160.70000000000002,23.4,6.586065573770493,0.1876074958822186,339.22630121125854,88.07557159995346,0,0
1988.0,Q1,39.1,21.15,1.7652370203160272,0.9143548630456324,264.11880170429276,27.468391322054448,0,0
1988.0,Q2,165.8,27.72,5.772980501392758,0.9143548630456324,517.797638861321,93.3199514608857,0,0
1988.0,Q3,1049.6,27.92,36.29322268326418,0.9143548630456324,926.3771044850132,562.7134264223783,1,1
1988.0,Q4,87.6,23.13,3.630335681723995,0.9143548630456324,409.81623018606206,51.89475635688847,0,0
1989.0,Q1,30.700000000000003,20.08,1.4563567362428844,0.5167704331567713,276.48025573505305,26.973904823015452,0,0
1989.0,Q2,120.9,27.28,4.275106082036775,0.5167704331567713,488.226036582414,66.53496415796577,0,0
1989.0,Q3,886.3000000000001,27.66,30.92463363572924,0.5167704331567713,821.2780152100243,457.8647242708771,1,1
1989.0,Q4,89.4,23.06,3.715710723192021,0.5167704331567713,320.24955749296697,52.97372199429716,0,0
1990.0,Q1,60.2,20.87,2.752629172382259,0.7089121040316079,285.71000887897145,45.2717119801667,0,0
1990.0,Q2,210.7,26.9,7.551971326164875,0.7089121040316079,505.6808014735651,121.4723610819913,0,1
1990.0,Q3,965.2,27.78,33.537178596247394,0.7089121040316079,886.9054685494398,559.4544807496617,1,1
1990.0,Q4,165.29999999999998,23.2,6.830578512396694,0.7089121040316079,358.7590815942604,80.59958542511242,0,0
1991.0,Q1,42.400000000000006,20.6,1.962962962962963,0.4832716793409838,286.299677523217,31.032349559150322,0,0
1991.0,Q2,148.4,27.52,5.203366058906031,0.4832716793409838,594.3180757858515,95.05487549438678,1,0
1991.0,Q3,872.7,28.04,30.051652892561982,0.4832716793409838,820.8150987501999,463.3683235468021,1,1
1991.0,Q4,106.7,22.93,4.458838278311743,0.4832716793409838,373.9296695994692,71.15716389955354,0,0
1992.0,Q1,32.5,20.1,1.5402843601895733,0.4229112643075452,273.52666748265506,23.61774924640617,0,0
1992.0,Q2,110.2,27.21,3.9064161644806807,0.4229112643075452,469.8433495064384,77.06622451998123,0,0
1992.0,Q3,847.9000000000001,27.98,29.258109040717738,0.4229112643075452,835.9889457011417,549.570412826054,1,1
1992.0,Q4,111.9,23.08,4.647009966777409,0.4229112643075452,366.22653012467936,64.60830510578542,0,0
1993.0,Q1,43.8,20.64,2.0240295748613675,0.5234251178286612,276.40668571682346,29.58608601524876,0,0
1993.0,Q2,139.89999999999998,27.34,4.936485532815808,0.5234251178286612,466.81770724135356,94.90342435253697,0,0
1993.0,Q3,889.2,28.08,30.577716643741407,0.5234251178286612,839.9989731699542,541.9970280703888,1,1
1993.0,Q4,134.9,23.29,5.553725813091808,0.5234251178286612,400.058325398258,74.85755019161456,0,0
1994.0,Q1,52.9,20.8,2.426605504587156,0.7626832413854655,322.317608346056,34.23886753305977,0,0
1994.0,Q2,124.2,27.6,4.342657342657342,0.7626832413854655,556.7734768704036,72.76714254782854,1,0
1994.0,Q3,987.3,27.84,34.23370319001387,0.7626832413854655,1057.6057540444226,448.7724809197743,1,1
1994.0,Q4,130.9,22.98,5.458715596330276,0.7626832413854655,342.3890883994002,69.76789799126986,0,0
1995.0,Q1,60.7,20.42,2.833800186741363,0.5854330000128597,299.33236115820716,35.66994929762747,0,0
1995.0,Q2,143.10000000000002,27.44,5.031645569620253,0.5854330000128597,519.8816600665741,78.04780063339692,0,0
1995.0,Q3,914.7,28.18,31.346812885538043,0.5854330000128597,1038.2682736398144,479.49182459752365,1,1
1995.0,Q4,124.0,23.23,5.117622781675609,0.5854330000128597,344.61070950008184,75.05675768991092,0,0
1996.0,Q1,46.1,20.77,2.117593017914561,0.5165222612317223,254.5742227135908,37.198429813246456,0,0
1996.0,Q2,119.5,27.67,4.168119986048134,0.5165222612317223,477.9529890286792,65.24865397150107,0,0
1996.0,Q3,886.3000000000001,27.91,30.65721203735732,0.5165222612317223,654.5814697281899,512.5030926484208,1,1
1996.0,Q4,131.0,22.94,5.472013366750208,0.5165222612317223,350.345986621588,75.21998426092418,0,0
1997.0,Q1,24.700000000000003,20.2,1.1650943396226416,0.4680929205690537,235.69158192403947,20.792678181503824,0,0
1997.0,Q2,124.9,27.23,4.424371236273468,0.4680929205690537,503.6331556864369,80.18043569199043,0,0
1997.0,Q3,866.4999999999999,28.13,29.745966357706827,0.4680929205690537,858.6779945318253,405.1593100809362,1,1
1997.0,Q4,167.0,23.22,6.895127993393889,0.4680929205690537,465.98481451659745,99.19982531608454,0,1
1998.0,Q1,44.6,20.83,2.043060009161704,0.5071457530233816,305.28276853919834,31.972703281864383,0,0
1998.0,Q2,124.6,27.82,4.323386537126996,0.5071457530233816,485.76858468425195,78.85848804280998,0,0
1998.0,Q3,882.5999999999999,28.31,30.11258955987717,0.5071457530233816,767.215802422196,478.1058073194673,1,1
1998.0,Q4,157.0,23.43,6.426524764633648,0.5071457530233816,413.49377127623654,112.6489851814283,0,1
1999.0,Q1,24.9,20.81,1.141678129298487,0.3739910747446146,234.47189009988494,19.87670645674776,0,0
1999.0,Q2,123.0,27.81,4.269350919819507,0.3739910747446146,608.7504006183019,70.38474758839226,1,0
1999.0,Q3,827.8,27.92,28.6237897648686,0.3739910747446146,902.653682267743,409.3163404404212,1,1
1999.0,Q4,140.89999999999998,23.37,5.781698810012309,0.3739910747446146,367.68838551591875,77.5496191525764,0,0
2000.0,Q1,46.6,20.53,2.164421737111008,0.3016788750189763,225.55013640196916,30.314051397144226,0,0
2000.0,Q2,124.2,27.63,4.338106880894166,0.3016788750189763,577.9479503638485,83.79145971251941,1,0
2000.0,Q3,798.1,27.85,27.66377816291161,0.3016788750189763,783.8306244154655,481.0950355892951,1,1
2000.0,Q4,66.5,23.65,2.697768762677485,0.3016788750189763,407.93591313329034,41.289860423559325,0,0
2001.0,Q1,16.1,20.78,0.7392102846648302,0.3608352386002255,223.37539777784536,15.271172493147326,0,0
2001.0,Q2,129.7,27.73,4.514444831186912,0.3608352386002255,483.7618707407701,81.41292913165917,0,0
2001.0,Q3,822.4,27.92,28.43706777316736,0.3608352386002255,805.6291866830475,409.7905486671355,1,1
2001.0,Q4,137.1,23.61,5.570906135717188,0.3608352386002255,392.80733461375456,85.29989102357021,0,0
2002.0,Q1,36.0,20.74,1.655933762649494,0.1599881815299662,260.699212547596,27.505420963948236,0,0
2002.0,Q2,123.1,28.02,4.241902136457616,0.1599881815299662,554.0717170430563,63.16932429469699,1,0
2002.0,Q3,740.0,28.17,25.36852931093589,0.1599881815299662,696.4932742376386,451.9871502767961,1,1
2002.0,Q4,82.8,23.57,3.36996336996337,0.1599881815299662,362.22608194103145,61.54615406380594,0,0
2003.0,Q1,53.2,20.71,2.4504836480884387,0.6663762636932985,282.7181550522623,33.66647624471902,0,0
2003.0,Q2,107.79999999999998,27.83,3.7391605966007626,0.6663762636932985,535.1293028430191,63.94837631821847,0,0
2003.0,Q3,947.9,28.1,32.57388316151202,0.6663762636932985,924.089049896184,512.4619259906822,1,1
2003.0,Q4,134.7,23.33,5.536374845869297,0.6663762636932985,339.1400752336946,81.53529862169079,0,0
2004.0,Q1,34.5,20.76,1.5854779411764706,0.2431100713933186,231.00202609565164,27.91279950756317,0,0
2004.0,Q2,159.3,28.1,5.474226804123711,0.2431100713933186,608.0114372518947,111.79061239721229,1,1
2004.0,Q3,774.1,28.02,26.674707098552723,0.2431100713933186,814.9247451651922,401.69201732807636,1,1
2004.0,Q4,112.6,23.3,4.633744855967078,0.2431100713933186,344.3081398771123,62.087107193708995,0,0
2005.0,Q1,69.9,20.8,3.206422018348624,0.4869868722762544,333.25758040591296,38.4073473259991,0,0
2005.0,Q2,126.3,27.7,4.400696864111499,0.4869868722762544,518.1392281904867,70.43592099776944,0,0
2005.0,Q3,874.3,28.25,29.890598290598287,0.4869868722762544,936.2937290974984,458.8810528161637,1,1
2005.0,Q4,137.7,23.1,5.7136929460580905,0.4869868722762544,379.50528528746804,94.7993216388766,0,0
2006.0,Q1,29.6,21.39,1.3220187583742742,0.5237252860169266,345.8490211314756,22.64850287944594,0,0
2006.0,Q2,143.3,27.69,4.99477169745556,0.5237252860169266,609.9377225232348,86.61992767679328,1,0
2006.0,Q3,889.3000000000001,28.02,30.64438318401103,0.5237252860169266,815.1725117721804,467.34697163700145,1,1
2006.0,Q4,99.5,23.59,4.046360309068727,0.5237252860169266,411.3316206122274,68.03051524678712,0,0
2007.0,Q1,38.400000000000006,20.92,1.7518248175182485,0.6541869800518707,296.445390130923,35.412046956089185,0,0
2007.0,Q2,112.6,27.84,3.904299583911235,0.6541869800518707,581.2220271979818,65.33484634733004,1,0
2007.0,Q3,942.9,28.11,32.390930951563035,0.6541869800518707,777.9025071395229,471.3912881864329,1,1
2007.0,Q4,85.4,23.42,3.4971334971334973,0.6541869800518707,389.30031360417365,59.049653052760426,0,0
2008.0,Q1,37.7,20.26,1.773283160865475,0.496113687602384,289.61189319791913,29.549651053328624,0,0
2008.0,Q2,114.4,27.7,3.986062717770035,0.496113687602384,418.10372031629026,82.77818635610362,0,0
2008.0,Q3,877.9,27.85,30.429809358752163,0.496113687602384,727.9652314035716,489.254700371184,1,1
2008.0,Q4,88.1,23.85,3.5452716297786715,0.496113687602384,300.59626960888005,53.03171081513276,0,0
2009.0,Q1,24.0,21.59,1.0624169986719787,0.0583633273844315,281.79368211452123,22.304942977384453,0,0
2009.0,Q2,95.3,28.12,3.272664835164835,0.0583633273844315,550.3912794955804,66.88224489181495,1,0
2009.0,Q3,698.3,28.55,23.63113367174281,0.0583633273844315,891.9742486336581,400.38213644009676,1,1
2009.0,Q4,136.20000000000002,23.61,5.534335635920359,0.0583633273844315,393.4936995589205,83.80363699108796,0,0
2010.0,Q1,24.5,21.09,1.1090991398822998,0.5768895808552216,322.11915070835545,23.383484838067346,0,0
2010.0,Q2,126.8,28.89,4.242221478755436,0.5768895808552216,476.48379226911624,85.61587705399887,0,0
2010.0,Q3,911.2,28.2,31.2054794520548,0.5768895808552216,706.0302436503235,545.6176681141538,1,1
2010.0,Q4,153.1,23.58,6.228641171684297,0.5768895808552216,394.5147527488053,94.21281706871976,0,0
2011.0,Q1,32.6,20.52,1.5148698884758365,0.5529164462706263,276.35809212013686,24.694248478242113,0,0
2011.0,Q2,116.6,27.67,4.066968957098012,0.5529164462706263,505.5790306851083,72.03637828322209,0,0
2011.0,Q3,901.3,28.06,31.015141087405368,0.5529164462706263,668.1139002021631,531.5023705074492,1,1
2011.0,Q4,65.8,23.71,2.6628895184135977,0.5529164462706263,361.16963819867317,39.89963928203353,0,0
2012.0,Q1,39.2,20.36,1.835205992509364,0.3642535179175371,230.3866212982414,29.527993283769597,0,0
2012.0,Q2,90.5,27.82,3.140180430256766,0.3642535179175371,535.0984761176848,55.36710042232628,0,0
2012.0,Q3,823.9,28.26,28.157894736842103,0.3642535179175371,847.1417479108217,435.76616977131926,1,1
2012.0,Q4,101.1,23.33,4.155363748458694,0.3642535179175371,333.6479408949282,69.41226824400962,0,0
2013.0,Q1,51.400000000000006,20.93,2.343821249430005,0.6403934471614072,269.5030200413933,35.678557326584276,0,0
2013.0,Q2,103.9,28.04,3.577823691460055,0.6403934471614072,459.89466128198336,64.89709624795286,0,0
2013.0,Q3,937.2,28.03,32.28384429900103,0.6403934471614072,850.6085274512022,425.7219528910373,1,1
2013.0,Q4,150.1,23.36,6.161740558292283,0.6403934471614072,426.4861906840759,93.34055740302945,0,0
2014.0,Q1,46.6,20.53,2.164421737111008,0.2623215749302517,245.34858529454127,34.467702446161084,0,0
2014.0,Q2,131.2,27.62,4.584206848357791,0.2623215749302517,537.3596063305515,95.45926982722759,0,0
2014.0,Q3,782.1,28.57,26.44910382144065,0.2623215749302517,767.5431420482965,400.34462634422476,1,1
2014.0,Q4,85.30000000000001,23.54,3.4759576202119,0.2623215749302517,338.4924319432057,54.62788143415644,0,0
